Class_hours_week,Attendance,Extracurricular,Library_hours,Online_learning,Sleep_hours,College GPA,Predicted GPA,Business,Engineering,Science,Arts,jobs
21.95,79.64,4,16.87,11.22,5.64,2.8,2.837145677,0,1,0,0,0
28.61,50.5,1,6.53,7.79,5.78,2.55,2.496879484,0,1,0,0,0
21.8,85.44,4,17.77,14.27,9.97,3.28,3.094691995,0,1,0,0,1
16.95,52.2,4,5.33,11.08,6.94,2.59,2.418454072,1,0,0,0,0
17.5,76,1,15.14,5.89,9.63,2.51,2.331459747,1,0,0,0,0
38.55,61.22,1,2.16,1.74,4.24,2.29,2.431000969,0,0,1,0,0
15.34,97.68,0,7.99,4.49,4.43,2.47,2.390480267,0,0,1,0,1
31.67,79.12,3,6.64,10.39,5.03,2.83,3.00905437,0,0,1,0,0
21.16,55.37,2,13.21,2.87,7.8,2.08,2.017741158,0,0,0,1,0
22.72,64.38,3,8.41,1.97,6.21,2,2.073274329,1,0,0,0,0
37.02,72.84,0,12.97,1.17,9.5,2.45,2.473802884,0,0,1,0,1
2.84,51.05,2,15.99,12.69,8.76,2.08,2.186212695,0,0,1,0,0
3.49,70.58,3,14.14,3.62,5.93,1.57,1.789341212,0,1,0,0,0
0.81,74.47,1,12.35,3.01,9.92,1.72,1.709502538,0,0,0,1,1
33.3,62.18,2,18.13,5.86,8,2.83,2.600091908,0,1,0,0,0
31.13,79.43,4,4.96,9.44,4.1,3.01,2.931759091,0,1,0,0,1
34.8,87.66,1,10.15,8.79,6.78,2.98,3.059771512,1,0,0,0,0
39.14,61.79,3,15.12,13.85,9.46,3.5,3.265500344,0,1,0,0,1
31.97,81.02,1,4.48,10.23,5.78,2.99,3.024354106,0,0,0,1,0
18.46,81.98,1,4.23,8.43,9.56,2.69,2.580065713,0,0,0,1,1
4.73,88.91,4,15.61,9.96,7.5,2.65,2.40097663,1,0,0,0,0
25.6,92.42,1,17.73,11.51,6.19,3.29,3.070278323,0,0,1,0,0
5.73,74.52,4,8.97,8.59,9.74,2.04,2.212613998,0,1,0,0,1
37.79,59.27,3,14.33,12.11,6.58,2.89,3.083963221,0,0,1,0,0
20.87,99.79,0,3.42,13.5,7.81,3.32,3.158761976,0,0,0,1,0
10.58,73.57,1,12.64,5.36,7.86,2.11,2.119254972,0,1,0,0,0
30.97,53.4,4,2.96,4.2,5.84,2.43,2.327751702,0,0,1,0,0
18.25,97.19,2,19.11,9.56,9.19,2.6,2.803099658,0,0,0,1,0
22.74,98.25,3,2.56,9.47,7.56,2.79,2.904656007,0,0,0,1,1
24.48,62.72,2,14.66,3.33,4.68,2.06,2.201510454,0,0,1,0,0
24.68,63.27,4,8.1,0.82,7.66,1.83,2.035274585,1,0,0,0,0
37.75,56.36,2,14.95,2.3,8.7,2.31,2.401318826,0,0,0,1,0
27.27,76.29,1,18.01,9.85,6.53,2.94,2.831985337,1,0,0,0,0
14.38,57.09,2,11.92,7.85,9.49,2.24,2.188863207,1,0,0,0,1
2.41,86.38,1,10.65,12.44,7.85,2.39,2.514565274,0,1,0,0,0
26.67,51.21,0,4.79,9.76,7.42,2.46,2.584736175,0,1,0,0,1
8.42,82.61,0,14.42,11.05,8.1,2.51,2.505520308,1,0,0,0,1
5.16,92.66,0,18.71,11.12,8.95,2.52,2.560216145,0,1,0,0,0
12.62,73.77,1,18.13,1.62,7.97,1.74,1.903493555,0,0,1,0,1
14.55,98.46,1,2.81,4,6.07,2.37,2.366505076,0,1,0,0,0
17.54,50.68,3,11.8,5.71,6.1,2.02,2.060129509,1,0,0,0,0
39.53,74.19,4,8.19,11.48,6.45,3.36,3.207544324,1,0,0,0,1
4.08,62.81,1,9.29,8.04,8.96,2.23,2.026137318,0,1,0,0,1
8.36,91.19,1,15.89,12.85,8.27,2.87,2.714605623,1,0,0,0,0
6.45,61.64,2,16.9,1.67,8.96,1.59,1.632715313,1,0,0,0,0
10.13,89.56,4,1.17,6.97,8.89,2.49,2.337147162,1,0,0,0,1
18.65,85.76,3,16.17,7.79,9.77,2.55,2.580470966,0,0,1,0,1
9.78,77.9,3,0.51,4.26,9.7,1.99,2.05256139,0,0,0,1,0
6.36,85.25,2,7.76,4.04,5.93,1.85,2.024834054,0,0,1,0,0
4.42,70.93,0,8.88,2.85,6.35,1.88,1.764217708,0,1,0,0,1
26.25,50.27,1,10.12,5.6,7.45,2.45,2.285107387,0,1,0,0,1
5.53,50.57,0,5.12,3.58,8.14,1.54,1.633040581,1,0,0,0,0
7.86,75.56,0,8.38,2.85,6.79,2.03,1.882623776,1,0,0,0,0
14.75,54.16,0,15.75,14.43,8.73,2.68,2.632429341,0,1,0,0,1
32.84,52.55,2,5.43,6.71,7.79,2.69,2.530079182,1,0,0,0,0
3.88,98.28,4,16.27,10.17,7.58,2.46,2.488847034,0,0,1,0,1
33.52,92.95,3,0.25,5.61,4.87,3.02,2.859394983,1,0,0,0,0
3.84,57.6,0,2.86,8.55,5.03,1.95,1.996115161,0,0,1,0,0
39.06,50.03,4,18.51,7.49,5.88,2.52,2.696973,0,0,0,1,1
24.19,59.29,2,12.21,9.96,9.76,2.49,2.61581675,0,1,0,0,1
29.57,84.58,3,9.12,11.43,6.86,3.29,3.084773735,0,1,0,0,1
1.57,55.45,1,1.77,2.19,6.62,1.43,1.487697057,0,0,1,0,1
11.31,63.23,1,6.96,1.41,9.08,1.53,1.759870784,0,0,0,1,0
4.81,98.75,3,12.29,5.08,8.99,2.14,2.193028032,0,1,0,0,1
11.85,81.97,2,12.55,7.23,4.8,2.31,2.325820454,1,0,0,0,0
4.75,76.03,1,17.74,3.37,8.87,2.03,1.858842748,0,0,1,0,0
12.72,69.9,0,9.85,11.6,7.06,2.69,2.536367631,0,0,0,1,0
16.57,88.73,2,2.09,10.79,5.94,2.62,2.761498509,0,0,1,0,0
2.57,57.05,1,2.27,13.7,4.65,2.47,2.290416746,0,0,1,0,1
27.7,98.37,1,8.34,10.93,7.55,3.03,3.129980175,0,0,0,1,1
22.66,93.06,0,3.71,1.61,8.68,2.27,2.353660193,0,0,1,0,0
10.62,80.88,3,18.42,9.97,9.31,2.28,2.488106545,0,1,0,0,1
23.04,95.66,4,10.25,9.03,6.38,3.1,2.846247693,1,0,0,0,1
12.74,67.71,2,13.29,7.96,7.81,2.45,2.255318537,1,0,0,0,1
26.7,56.01,3,12.11,8.64,9.33,2.7,2.544659614,0,0,1,0,1
5.27,87.75,1,18.79,7.94,8.12,2.37,2.267884079,1,0,0,0,1
28.65,94.25,1,16.64,0.16,6.33,2.66,2.391771509,0,0,0,1,1
7.33,87.95,1,8.93,11.86,9.98,2.49,2.601490801,0,0,0,1,0
23.46,50.85,3,12.3,5.2,4.01,2.34,2.172250267,0,0,1,0,1
0.8,98.35,0,12.46,7.64,8.97,2.36,2.267839263,0,1,0,0,1
33.16,80.75,4,5.39,5.2,5.96,2.68,2.71661616,0,1,0,0,1
0.19,77.62,4,3.56,2.99,8.48,1.52,1.730276427,0,1,0,0,1
27.11,64.8,4,10.38,3,5.42,2.13,2.241112635,1,0,0,0,1
29.41,63.3,3,7.7,9.42,8.86,2.62,2.752737897,0,1,0,0,0
38.49,91.41,0,0.03,13.98,8.6,3.81,3.537498493,0,0,0,1,1
9.95,99.26,2,13.63,6.32,8.87,2.51,2.402034074,0,0,0,1,0
23.05,89.17,0,1.16,9.55,8.54,2.84,2.845448338,0,0,1,0,1
23.68,75.95,1,14.71,7.03,4.58,2.61,2.544045553,0,0,0,1,1
8.92,73.62,0,3.3,12.81,6.27,2.8,2.543965917,1,0,0,0,1
38.11,71.91,2,12.01,6.81,5.32,2.71,2.846031648,0,0,0,1,1
17.89,60.14,1,19.67,13.92,7.41,2.61,2.712007079,0,0,0,1,1
27.98,67.89,0,17.39,1.28,8.26,2.08,2.224704153,0,1,0,0,0
11.9,58.18,4,1.24,1.02,8.17,1.88,1.706752973,0,1,0,0,0
15.86,63.14,0,13.64,5.99,9.96,2.02,2.175286646,1,0,0,0,0
35.24,76.1,1,7.51,8.81,8.8,2.75,2.976173851,0,0,1,0,0
35.27,95.31,1,0.31,2.38,8.58,2.91,2.736178629,0,0,1,0,0
29.01,77.63,0,14.85,3.19,7.38,2.67,2.461833801,0,1,0,0,1
38.24,98.12,0,9.26,8.2,4.96,3.01,3.218727093,0,1,0,0,1
25.76,55.53,1,5.9,4.93,5.04,2.32,2.257837954,0,0,0,1,1
16.95,81.54,4,6.93,0.66,4.35,2.07,2.009643034,0,0,0,1,0
24.26,99.9,0,1.84,4.86,8.83,2.53,2.677960963,0,1,0,0,1
12.06,80.17,4,12.54,11.35,9.14,2.59,2.598793095,0,0,0,1,0
11.6,79.16,1,0.26,3.32,5.01,1.88,2.048516665,0,1,0,0,1
24.72,50.1,2,12.67,3.42,8.42,1.93,2.087101325,1,0,0,0,0
17.15,59.95,0,13.31,9.42,7.35,2.35,2.398412083,1,0,0,0,0
11.93,66.52,2,18.9,8.42,9.43,2.44,2.279523835,0,1,0,0,1
22.8,81.92,0,5.16,1.68,9.41,2.08,2.238819407,0,0,0,1,1
23.63,64.04,1,17.04,4.29,7.77,2.39,2.266942438,0,0,1,0,0
22.97,97.39,3,3.48,0.48,6.52,2.42,2.315952099,0,0,1,0,0
26.13,86.43,3,5.24,11.42,5.43,3.22,2.997586515,0,0,0,1,1
26.08,66.48,2,4.1,12.1,4.59,3.11,2.856178224,0,0,0,1,0
17.26,89.59,4,17.71,13.81,8.84,2.81,2.980000825,0,0,1,0,1
35.86,55.41,0,15.87,1.32,9.8,2.08,2.282101048,1,0,0,0,0
14.7,69.62,3,9.01,13.59,4.08,2.87,2.686721959,1,0,0,0,1
17.43,61.06,3,7.56,13.78,6.88,2.55,2.711009689,0,0,1,0,0
32.25,55.12,0,14.04,11.67,6.51,3.08,2.885123456,0,1,0,0,1
28.57,67.49,0,5.29,10.2,9.93,3,2.834909505,0,1,0,0,0
39.95,85.32,1,8.46,9.9,9.55,3.31,3.266702532,0,1,0,0,0
5.98,51.23,3,8.15,5.3,8.63,1.8,1.771000726,0,0,1,0,0
34.73,81.7,2,4.65,7.8,6.4,2.99,2.927372707,0,0,0,1,1
6.5,61.53,4,15.83,4.52,8.14,1.73,1.81251125,0,0,0,1,1
4.95,90.01,0,14.13,11.59,6.04,2.42,2.545029927,0,1,0,0,1
33.92,97.78,4,0.1,10.48,4.24,3.11,3.242429997,0,0,0,1,0
32.29,65.83,4,18.35,6.49,7.73,2.61,2.637571878,0,0,1,0,0
22.76,91.34,2,6.75,7.87,9.69,2.86,2.744929713,0,0,1,0,1
16.29,55.2,1,0.58,11.59,8.49,2.54,2.479994643,0,0,1,0,1
2.77,81.7,1,12.75,3.49,5.37,2.1,1.866244005,0,1,0,0,1
27.9,87.55,0,14.75,3.32,7.33,2.62,2.539073845,0,0,1,0,0
18.14,57.8,1,13.42,7.27,6.34,2.09,2.275577671,0,1,0,0,0
28.88,71.3,4,7.82,7.41,7.28,2.51,2.661120169,0,0,0,1,0
34.66,94.64,0,17.22,0.35,8.34,2.38,2.579615488,0,0,1,0,0
39.02,55.18,1,7.13,8.73,6.92,2.7,2.865123736,0,1,0,0,0
34.23,50.9,0,10.77,6.27,9.47,2.58,2.518419444,1,0,0,0,1
0.47,79.53,4,18.44,8.65,8.15,2.3,2.123349397,0,0,0,1,0
14.4,71.78,4,14.56,13.72,6.11,2.94,2.725202215,0,0,0,1,0
29.2,89.93,3,1.89,5,7.67,2.66,2.710840569,0,1,0,0,0
6.87,96.17,1,15.54,1.62,6.73,2.02,1.987285091,0,1,0,0,1
20.84,64.96,1,18.03,3.1,8.75,2.28,2.114199652,0,0,0,1,1
2.17,69.42,2,16.51,4.6,4.04,1.71,1.808416099,0,1,0,0,0
8,74.31,1,9.54,12.95,7.51,2.6,2.549396595,0,0,1,0,1
0.74,79.41,0,16.5,8.24,4.14,1.95,2.10944361,0,1,0,0,1
31.75,99.19,0,1.51,14.93,9.88,3.52,3.522122048,0,0,0,1,0
8.96,84.87,4,5.08,4.28,7.05,1.95,2.09942925,0,0,1,0,0
13.81,69.48,0,17.34,1.03,5.67,1.84,1.867307376,0,1,0,0,0
37.12,63.19,2,0.83,4.52,4.66,2.56,2.589985691,0,0,1,0,1
28.18,97.23,4,7.96,14.89,6.05,3.39,3.400387014,0,1,0,0,1
1.27,56.78,4,17.21,11.15,7.8,1.97,2.077818345,0,0,0,1,1
6.59,86.01,4,8.92,13.73,9.84,2.51,2.672393764,0,0,0,1,1
24.86,96.27,1,1.69,8.92,4.57,2.82,2.905646835,0,0,1,0,1
23.09,83.23,0,9.18,4.13,5.26,2.3,2.411841765,0,0,0,1,1
9.52,71.15,1,14.64,14.32,5.66,2.77,2.644626668,0,0,0,1,0
21.43,85.34,3,18.82,4.4,9.37,2.23,2.420029758,0,0,0,1,0
29.2,96.4,0,1.87,6.27,8.31,2.65,2.857742935,0,0,1,0,0
12.48,93.34,4,5.99,14.36,8.56,2.71,2.954197527,0,1,0,0,0
15.93,90.81,3,9.38,14.51,9.36,2.95,2.997994168,1,0,0,0,1
8.39,95.57,3,3.14,1.45,5.25,1.88,1.992765019,0,0,0,1,0
7.45,63.82,4,4.83,13.92,8.34,2.55,2.495202532,0,0,0,1,0
37.77,68.48,2,18.67,11.97,6.12,3.39,3.174785616,0,1,0,0,0
29.58,68.99,4,14.3,10.69,6.33,3,2.862703922,0,0,0,1,1
19.62,78.02,3,11.96,5.44,7.05,2.52,2.359276327,0,0,0,1,1
9.1,83.41,1,14.16,10.19,4.79,2.72,2.476755783,0,0,0,1,0
2.32,50.97,3,2.91,12.46,9.64,2.19,2.151271101,0,0,0,1,0
17.38,69.96,1,13.84,12.09,5.08,2.74,2.677272612,0,0,0,1,0
12.47,65.43,1,14.3,4.8,5.89,2.22,2.022435176,1,0,0,0,0
27.85,97.11,2,17.06,2.78,8.84,2.55,2.603537375,0,1,0,0,0
15.11,94.41,3,11.71,8.16,5.5,2.76,2.602138958,0,1,0,0,1
7.18,93.02,0,11.15,3.81,4.99,2.19,2.107976567,0,0,1,0,0
0.99,82.65,2,7.95,11.77,5.14,2.29,2.36430541,0,0,0,1,1
27.18,77.44,1,17.04,6.38,6.48,2.48,2.614987097,0,0,0,1,0
18.15,90.76,1,9.03,11.68,6.38,2.99,2.875717502,0,0,0,1,0
35.87,90.05,1,1.01,10.3,4.38,3.12,3.19638462,1,0,0,0,1
39.61,52.06,0,15.84,3.47,5.02,2.46,2.49577778,0,1,0,0,0
8.68,90.82,1,13.46,1.91,8.32,2.08,1.981198324,1,0,0,0,1
26.52,90.38,4,8.78,4.62,5.92,2.44,2.591053075,0,0,0,1,1
10.53,52.55,4,10.09,0.29,8.21,1.52,1.546725014,1,0,0,0,0
0.83,81.36,1,17.92,9.45,4.14,2.17,2.186992582,1,0,0,0,1
30.34,75.12,0,17.55,4.99,7.54,2.61,2.590278391,0,1,0,0,1
12.8,58.49,0,3.58,14.91,7.27,2.66,2.634318292,1,0,0,0,1
15.34,57.42,2,16.98,1.47,4.87,1.74,1.779159802,1,0,0,0,1
23.53,88.66,4,10.19,13.42,4.71,3.25,3.087486569,1,0,0,0,0
25.16,99.15,0,6.23,1.77,7.03,2.26,2.481448371,0,0,1,0,0
34.91,99.11,1,13.74,12.84,4.3,3.43,3.450172467,0,0,1,0,0
10.94,99.63,4,17.87,1.67,4.89,2.33,2.091327469,1,0,0,0,1
31.92,55.93,3,2.17,9.69,8.04,2.64,2.740643482,0,0,1,0,1
7.43,96.91,1,12.19,3.68,6.86,1.99,2.124420416,1,0,0,0,1
38.11,62.23,0,13.56,6.74,7.59,2.99,2.76050389,1,0,0,0,0
27.5,72.91,4,5.52,8.6,6.75,2.57,2.718912319,0,0,1,0,1
8.62,87.87,0,15.13,13.8,9.55,2.7,2.762721885,0,0,0,1,0
37.89,60.18,0,2.07,4.27,8.95,2.7,2.574671065,1,0,0,0,0
29.23,78.32,3,4.79,5.82,9.88,2.53,2.635967627,1,0,0,0,0
8.53,55.24,0,10.05,5.15,8.37,1.81,1.860735014,0,0,1,0,1
1.03,67.88,3,1.56,8.22,9.99,2.21,1.997696837,1,0,0,0,0
16.99,71.24,0,3.97,9.35,4.37,2.34,2.484927345,1,0,0,0,1
14.97,83.21,0,11.35,3.46,9.95,2.42,2.193870498,0,1,0,0,1
18.54,70.08,1,5.43,6.49,7.42,2.39,2.334903813,1,0,0,0,0
23.47,53.13,4,13.09,0.6,4.12,2.07,1.904609636,0,1,0,0,0
34.55,63.91,4,14.51,4.64,6.57,2.33,2.558658887,0,1,0,0,0
4.7,58.47,4,5.91,7.34,5.1,1.7,1.928640998,0,0,0,1,0
20.7,98.25,4,0.95,10.39,8.31,3.18,2.923990714,0,0,0,1,0
28.67,90.27,3,19.39,6.03,7.2,2.89,2.736306656,1,0,0,0,1
22.62,78.46,1,1.65,10.91,8.29,2.81,2.826680717,0,0,1,0,0
7.33,75.6,1,15.7,9.49,9.72,2.54,2.319559712,0,0,1,0,1
19.52,68.19,4,12.64,4.31,4.62,1.96,2.180817502,1,0,0,0,0
14.22,89.4,1,12.23,8.01,7.09,2.66,2.538679457,0,1,0,0,0
37.62,77.76,1,10.7,12.21,9.89,3.03,3.289833417,0,1,0,0,0
30.61,69.78,1,13.5,6.05,6.47,2.86,2.610006926,0,0,1,0,0
36.15,79.92,2,11.54,9.98,8.57,3.36,3.101728683,0,0,1,0,1
3.34,55.95,1,2.86,4.7,9.57,1.64,1.72915732,0,1,0,0,0
22.09,70.88,3,17.3,8.42,5.06,2.47,2.552858012,0,0,0,1,0
23.38,89.08,3,15.07,5.63,9.47,2.51,2.573097408,1,0,0,0,1
38.48,84.69,4,19.29,13.68,7.76,3.59,3.453968819,0,0,1,0,0
11.69,95.82,4,15.83,0.73,8.83,1.9,2.041367904,0,1,0,0,1
9.63,62.97,4,11.65,3.43,5.77,2.03,1.842544621,0,1,0,0,1
4.01,87.91,1,18.34,1.45,7,1.87,1.812062038,1,0,0,0,0
0.66,72.99,4,13.09,12.08,5.25,2.54,2.286318591,0,0,0,1,0
37.18,78.68,4,6.2,2.87,9.13,2.9,2.64708738,0,0,1,0,0
26.8,97.75,3,3.51,11.14,5.23,2.98,3.100470895,1,0,0,0,1
11.27,93.08,0,14.72,12.45,6.51,2.57,2.773021236,0,0,0,1,1
23.46,67.95,1,16.48,14.92,4.3,2.78,3.00119937,0,0,1,0,0
2.56,94.39,1,5.71,2.31,6.47,2.13,1.918550887,0,1,0,0,0
19.43,81.93,1,18.04,2.26,8.71,2.44,2.214541211,0,1,0,0,0
35.06,51.79,2,14.46,0.54,5.83,2.15,2.173749148,0,1,0,0,1
13.53,88.51,2,16.16,12.26,6.67,2.79,2.782700686,0,0,1,0,0
38.46,75.11,3,18.63,5.65,8.65,3.02,2.839009869,0,1,0,0,0
9.27,89.31,2,5.8,5.98,8.01,2.34,2.24980167,1,0,0,0,1
37.97,87.4,0,7.85,8.58,4.67,3.28,3.119158317,1,0,0,0,0
37.66,89.68,3,18,5.13,7.19,2.92,2.90698435,0,0,0,1,0
25.22,90.04,4,7.98,3.07,9.87,2.6,2.48722865,0,1,0,0,0
34.97,77.44,1,9.35,10.78,8.43,3.24,3.122571061,0,1,0,0,0
11.72,73.67,4,14.34,11.53,4.49,2.3,2.535288807,0,1,0,0,1
33.96,83.76,4,1.22,9.12,5.49,2.84,3.009757911,0,0,0,1,1
24.72,51.07,1,7.35,3.54,4.47,2.05,2.103353091,0,0,0,1,0
5.93,99.15,0,15.44,13.17,4.4,2.71,2.73800174,1,0,0,0,1
39.27,56.99,2,2.6,6.69,4.99,2.96,2.720965766,0,0,0,1,1
19.13,66.53,2,19.73,7.14,5.6,2.4,2.350108106,1,0,0,0,0
19.9,52.55,1,9.34,3.06,7.74,2.08,1.990874954,0,1,0,0,0
14.74,66.02,1,7.05,14.78,8.94,2.73,2.769429491,0,0,1,0,0
32.88,92.26,0,19.3,9.79,8.26,3.04,3.129050492,1,0,0,0,0
7.59,69.14,1,13.81,4.33,7.34,2.08,1.901365268,1,0,0,0,1
20.45,51.24,0,0.51,4.89,6.95,2.3,2.098403803,0,0,0,1,0
8.97,91.55,0,4.64,2.95,9.45,2.01,2.07960399,1,0,0,0,0
34.49,57.62,3,19.18,2.22,4.82,2.55,2.301530193,1,0,0,0,1
38.43,55.01,0,13.57,6.98,9.53,2.8,2.723765239,0,0,0,1,0
30.96,64.71,2,16.08,1.06,4.83,2.04,2.217897716,1,0,0,0,0
3.24,89.77,2,2.98,5.68,5.35,2.32,2.109975727,0,1,0,0,0
16.29,83.88,3,17.38,3.1,8.96,2.26,2.182364012,0,0,0,1,1
9.29,96.89,2,0.1,7.51,6.5,2.31,2.428526871,0,0,0,1,1
5.3,81.06,2,1.27,13.95,6.89,2.71,2.621036515,0,0,1,0,0
2.14,54.89,1,18.39,10.41,4.77,2.18,2.048002627,0,1,0,0,1
29.02,94.22,0,5.03,5.1,4.17,2.67,2.734978273,0,0,1,0,1
30.82,85.59,4,13.14,9.92,4.44,3.13,3.003444292,1,0,0,0,0
5.88,52.69,2,2.24,1.33,7.84,1.34,1.498245048,1,0,0,0,1
3.18,69.81,3,15.9,5.48,7.23,2.13,1.88451762,0,0,0,1,0
3.58,58.37,3,4.15,7.18,7.11,1.88,1.904309217,0,1,0,0,1
26.88,91.1,2,13.91,11.41,5.8,3.33,3.072519958,0,0,0,1,0
9.81,85.03,1,7.62,4.88,8.54,2.02,2.182270959,0,1,0,0,0
16.82,94.15,2,10.9,11.88,6.4,2.9,2.886774807,0,0,0,1,0
22.29,98.33,2,18.92,11.74,4.91,2.91,3.047090396,0,0,1,0,1
34.42,88.74,3,5.18,0.29,4.34,2.27,2.496344713,0,0,1,0,0
29.08,99.71,2,6.02,2.86,6.06,2.53,2.640390307,0,0,1,0,1
10.81,80.74,4,5.85,9.8,7.65,2.43,2.453020484,1,0,0,0,1
5.26,51.86,3,7.4,7.44,5.32,1.86,1.894995161,0,1,0,0,1
2.21,50.71,3,11.53,0.41,8.45,1.53,1.346950536,0,1,0,0,1
10.48,91.17,2,17.86,9.39,6.83,2.52,2.552007297,0,1,0,0,0
27.33,98.04,2,13,3.1,8.93,2.68,2.611952222,0,0,1,0,0
27.83,53.26,0,11.85,2.29,4.71,2.04,2.115583075,1,0,0,0,0
7.25,65.25,4,18.76,9.97,4.9,2.44,2.217360767,1,0,0,0,1
31.54,77.9,1,14.97,5.41,7.43,2.88,2.681545508,0,1,0,0,0
2.27,99.12,2,3.43,3.43,4.2,1.96,2.014907886,0,0,1,0,0
31.15,83.29,0,17.3,2.75,6.34,2.43,2.516164682,1,0,0,0,1
31.1,70.04,1,5.99,1.5,4.94,2.39,2.319245262,0,1,0,0,1
10.38,88.41,3,2.45,3.63,6.81,2.38,2.106839751,1,0,0,0,1
14.95,76.39,0,16.12,4.84,6.86,2.38,2.198023609,1,0,0,0,0
23.5,61.88,2,19.53,1.18,4.41,1.97,2.003706616,1,0,0,0,1
10.91,63.57,0,2.55,6.09,8.06,1.86,2.056684763,0,0,0,1,1
14.83,62.9,4,13.03,2.51,9.48,2.15,1.92664296,0,1,0,0,0
7.88,76.62,1,0.2,8.72,7.68,2.24,2.306949626,0,1,0,0,0
18.39,85.16,2,0.71,5.67,7.76,2.34,2.434804266,0,0,1,0,0
1.78,97.46,3,15.7,9.59,8.49,2.32,2.39172853,1,0,0,0,0
31.99,84.7,4,16.31,11.64,9.62,3.17,3.141420966,1,0,0,0,1
3.08,89.06,1,6.99,1.27,9.89,2.03,1.799396216,0,0,1,0,1
20.75,58.45,3,8.96,5.74,6.96,2.48,2.241485902,0,1,0,0,0
12.27,68.7,4,15.59,14.67,9.67,2.62,2.721803438,0,1,0,0,1
23.1,70.69,1,17.15,0.03,6.16,1.96,2.031876007,0,1,0,0,1
38.38,84.32,3,5.52,6.88,8.37,3.02,2.987658782,1,0,0,0,0
1.41,65.16,1,4.02,12.36,4.1,2.1,2.250224046,0,0,1,0,1
17.22,67.79,3,8.95,4.35,9.52,2.37,2.133521079,0,0,0,1,1
20.4,90.52,4,14.38,11.64,9.31,2.71,2.925552722,0,0,0,1,0
21.45,78.88,2,13.72,0.03,5.23,1.88,2.053886271,1,0,0,0,0
11.1,53.91,2,13.4,4.79,4.74,2,1.883209195,0,1,0,0,1
15.71,88.33,1,5.77,6.04,8.66,2.33,2.429139084,0,1,0,0,1
38.26,84.43,3,4.33,1.05,9.29,2.52,2.604797535,0,0,0,1,0
21.75,64.36,3,17.2,5.02,9.06,2.3,2.271307218,0,1,0,0,1
18.28,77.41,2,17.93,7.47,4.56,2.73,2.476918395,0,1,0,0,0
35.28,77.17,4,10.66,11.13,4.71,3.26,3.109255459,0,0,0,1,1
18.34,86.98,3,9.69,4.7,8.91,2.31,2.387042304,0,1,0,0,1
28.97,97.84,4,9.26,1.56,6.65,2.69,2.516941279,1,0,0,0,1
15.96,63.9,2,19.18,12.38,8.82,2.84,2.615945546,0,1,0,0,1
27.98,79.01,1,1.9,1.6,6.21,2.13,2.318015365,1,0,0,0,1
13.11,88.74,3,1.09,1.89,6.39,2.29,2.082501992,0,1,0,0,1
30.27,97.2,1,7.15,2.49,9,2.44,2.632012404,0,0,0,1,0
25.44,51.83,2,8.35,2.23,7.06,1.99,2.05173686,0,0,1,0,0
9.6,57.37,0,4.95,11.92,9.51,2.38,2.35553051,0,0,0,1,1
6.42,87.81,3,18.4,12.16,6.55,2.48,2.583806098,0,0,0,1,0
31.86,54.19,3,16.74,2.54,4.4,2.33,2.22886717,0,0,0,1,1
38.37,75.81,4,14.89,1.69,6.75,2.61,2.551268243,1,0,0,0,0
18.33,60.99,1,9.68,8.59,6.47,2.5,2.38351279,0,0,0,1,0
23.64,63.71,0,17.73,10.5,7.3,2.61,2.688803914,0,1,0,0,0
18.29,51.51,1,17.75,0.42,4.35,1.91,1.737541137,0,0,1,0,1
38.07,93.67,2,5.23,11.49,7.71,3.56,3.375844325,0,0,0,1,1
23.03,72.22,3,17.28,10.71,4.79,2.87,2.747975633,0,0,1,0,0
32.83,75.12,1,7.01,10.76,6.59,3.06,3.041524838,0,1,0,0,0
36.35,77,0,2.47,3.11,9.35,2.72,2.646396631,0,1,0,0,0
32.62,82.28,3,14.87,1.05,4.8,2.25,2.423912212,0,0,0,1,1
6.38,67.24,3,16.18,14.96,5.25,2.56,2.573183401,0,1,0,0,1
15.94,65.92,1,9.62,10.89,4.36,2.59,2.537445282,0,1,0,0,0
2.51,58.41,0,5.02,1.45,5.72,1.71,1.487316462,1,0,0,0,0
16.96,77.81,0,1.31,7.57,4.46,2.34,2.451214053,0,0,1,0,0
10.35,65.9,3,8.26,7.56,6.86,1.97,2.161892969,0,0,0,1,0
33.96,97.9,4,11.55,1.84,7.44,2.76,2.673265187,0,0,1,0,1
1.33,98.29,3,9.93,5.27,8.5,1.91,2.101337353,1,0,0,0,0
38.36,81.01,4,3.26,13.37,9.54,3.55,3.409763076,0,1,0,0,0
14.21,80.87,0,7.43,10.35,6.63,2.48,2.603877107,0,1,0,0,1
14.27,99.27,2,18.36,10.98,7.77,2.85,2.802211223,1,0,0,0,1
0.65,94.36,1,9.19,13.17,4.36,2.74,2.589526977,0,1,0,0,0
7.41,88.25,1,10.24,4.65,6.85,2.27,2.118310178,0,0,0,1,0
37.17,68.28,4,7.69,1.45,7.55,2.7,2.43778524,0,0,1,0,1
3.98,60.06,4,1.21,8.66,6.25,2.03,2.003311647,1,0,0,0,1
34.78,99.52,0,10,6.47,6.99,2.95,3.0198385,0,0,0,1,1
18.17,95.61,2,11.69,3.14,9.51,2.49,2.375769313,0,1,0,0,0
13.07,55.92,4,9.56,6.41,4.44,2.03,2.041369353,1,0,0,0,0
9.31,51.26,3,7.28,12.66,7.19,2.3,2.328640048,1,0,0,0,0
24.58,94.93,3,16.07,10.96,6.56,2.8,3.038865255,0,1,0,0,0
1.32,76.86,0,13.9,6.61,8.56,1.89,1.979139203,1,0,0,0,1
0.62,60.01,3,18.91,14.51,4.91,2.51,2.329182613,0,1,0,0,1
2.72,82.21,0,14.88,0.66,8.3,1.81,1.689765007,0,0,1,0,0
10.08,56.1,1,1.23,11.26,8.08,2.08,2.322048444,0,1,0,0,1
8.85,62.98,2,5.82,10.78,7.11,2.08,2.320948199,0,0,1,0,0
0.48,56.62,1,13.24,7.01,9.92,2,1.788166583,1,0,0,0,1
4.62,59.66,3,7.99,3.59,8,1.64,1.705123838,0,1,0,0,1
24.74,84.27,4,1,6.72,9.6,2.55,2.662229918,0,1,0,0,0
38.97,52.47,4,5.21,12.51,8.55,3.12,3.086139688,0,1,0,0,0
39.61,55.09,2,9.62,3.76,8.1,2.75,2.547757663,0,1,0,0,0
16.36,56.71,1,8.46,13.71,6.11,2.76,2.650046915,0,1,0,0,0
25.55,64.94,3,0.61,1.34,4.19,1.97,2.107854363,0,0,0,1,0
19.61,62.75,4,12.66,8.99,6.7,2.28,2.443121455,0,0,0,1,1
39.58,87.53,1,9.02,7.65,6.76,3.15,3.103874731,0,0,1,0,1
2.61,99.9,1,0.34,10.07,6.32,2.58,2.460180274,1,0,0,0,1
9.66,69.83,1,3.39,10.55,4.82,2.32,2.374012978,0,0,0,1,1
26.5,55.33,4,15.1,5.17,4.08,2.32,2.288733488,0,0,0,1,0
9.84,70.44,0,6.97,4.57,7.71,2.1,1.989555143,1,0,0,0,1
26.63,64.81,2,12.23,12.3,4.59,2.92,2.873691272,0,1,0,0,1
20.69,74.67,3,0.12,11.94,4.89,2.92,2.79782767,0,0,1,0,0
16.96,82.85,1,8.63,11.17,4.59,2.69,2.716616561,1,0,0,0,1
22.19,73.05,0,0.5,9.41,8.59,2.84,2.676180705,0,1,0,0,0
11.48,96.76,1,4.19,14.32,9.3,2.8,2.950767168,0,0,1,0,1
28.26,94.24,0,3.89,0.32,4.71,2.33,2.396012834,1,0,0,0,0
16.59,85.1,0,19.42,2.29,7.69,2.31,2.158572987,0,0,1,0,1
33.15,56.58,3,16.79,4.21,5.69,2.51,2.414187319,0,0,1,0,0
37,69.85,1,8.42,4.4,7.53,2.56,2.6713019,0,1,0,0,0
1.84,85.22,2,17.24,14.7,6.6,2.47,2.615163813,0,0,1,0,1
9.31,64.24,3,13.26,0.66,4.65,1.57,1.645500197,0,0,0,1,1
13.94,55.2,2,0.14,0.39,9.75,1.87,1.67610341,0,0,1,0,1
32.6,95.39,1,2.23,14.03,8.07,3.43,3.446858696,0,1,0,0,1
39.42,85.45,1,0.63,2.4,9.72,2.61,2.730666316,0,0,0,1,1
38.76,80.76,2,1.81,0.64,4.91,2.48,2.553815818,0,1,0,0,1
36.2,89.62,1,4.41,6.88,8.76,2.76,3.013264721,0,1,0,0,0
11.86,91.78,0,15.71,13.23,6.52,2.97,2.830441903,1,0,0,0,0
39.68,74.17,0,14.67,4.59,9.58,2.65,2.790218351,0,1,0,0,1
9.98,94.06,1,4.89,13.98,8.12,2.92,2.880431192,0,1,0,0,0
4.24,95.82,4,7.81,12.98,4.88,2.44,2.673945506,0,1,0,0,0
2.33,76.9,0,2.3,1.85,4.06,1.6,1.708306617,0,1,0,0,0
29.23,96.88,4,19.88,0.93,6.87,2.72,2.493412476,0,1,0,0,1
35.27,65.26,0,8.83,2.83,7.32,2.36,2.480953056,0,1,0,0,0
10.9,99.17,4,18.31,3.38,8.87,2.24,2.223441165,0,0,0,1,0
15.16,95.11,3,3.06,2.69,6.68,2.21,2.258137263,0,1,0,0,0
14.97,72.94,3,19.81,0.48,4.03,1.78,1.851012476,1,0,0,0,1
29.95,90.87,4,1.19,10.76,5.31,3.34,3.097934979,0,0,0,1,0
9.51,88.45,1,1.18,2.43,4.29,2.18,2.004704831,1,0,0,0,1
6.87,83.89,0,16.46,6.83,9.89,2.35,2.211467763,1,0,0,0,0
17.97,65.99,2,15.53,1.81,7.83,1.99,1.962993855,0,0,0,1,1
12.18,59.82,3,4.96,5.48,4.01,2.18,2.010219052,0,1,0,0,1
33.57,83.58,2,4.94,5.96,4.23,2.8,2.79607906,0,0,1,0,1
9.51,92.15,1,9.45,13.69,5.35,2.8,2.814924198,0,1,0,0,1
20.1,50.81,4,18.87,10.58,8.67,2.46,2.443386386,1,0,0,0,1
37.7,82.14,2,12.52,13.59,6.39,3.29,3.399134447,0,0,0,1,0
25.36,72.14,1,16.65,7.34,7.03,2.81,2.569358482,1,0,0,0,1
34.69,94.9,1,17.34,2.54,9.24,2.62,2.72175218,0,0,0,1,0
37.61,66.07,2,2.69,6.14,9.35,2.61,2.758916875,0,1,0,0,1
30.03,73.71,0,11.58,8.91,6.57,2.7,2.828319756,0,1,0,0,1
38.72,57.02,3,1.91,13.44,5.41,3.32,3.172725226,0,1,0,0,1
39.78,85.64,1,8.87,8.89,5.05,3.16,3.187573482,0,1,0,0,0
18.07,91.52,3,15.3,3.85,9.86,2.13,2.360119554,0,0,1,0,1
11.71,64.57,0,2.39,2.61,7.94,1.68,1.857641591,1,0,0,0,0
6.09,51.9,4,8.09,7.15,9.27,2.07,1.903487039,0,1,0,0,1
5.25,83.36,4,11.88,10.65,5.72,2.64,2.404874564,0,0,1,0,1
15.31,76.57,4,2.04,10.32,6.73,2.5,2.55626831,1,0,0,0,1
35.82,90.1,4,10.85,6.57,9.66,2.85,2.972508443,0,0,1,0,0
38.71,68.72,2,12.18,5.95,6.7,2.74,2.784551725,0,0,0,1,0
21.88,67.69,0,16.29,9.42,4.76,2.45,2.580856634,0,0,0,1,1
10.99,68.91,4,16.91,11.06,9.44,2.56,2.43442695,0,0,0,1,1
23.69,82.89,2,9.48,14.06,4.03,3.27,3.093099153,0,0,1,0,0
16.27,95.02,1,0.16,14.41,4.05,2.91,3.033876619,1,0,0,0,1
22.08,99.16,4,13.78,1.74,6.78,2.18,2.380418036,1,0,0,0,0
10.87,51.52,2,0.31,14.84,5.23,2.57,2.518672566,0,0,0,1,0
18.22,59.68,1,12.94,3,9.71,1.98,1.997568719,1,0,0,0,0
16.07,55.61,0,10.12,1.21,6.38,1.64,1.783318424,0,0,1,0,1
20.23,61.39,0,3.26,10.1,8.66,2.56,2.559737576,0,1,0,0,0
12.42,72.34,4,7.68,14.61,5.9,2.83,2.739082479,0,0,1,0,1
14.92,91.85,2,17.15,11.57,7.84,2.8,2.80719952,0,1,0,0,1
21,61.09,0,10.28,5.89,6.43,2.51,2.270685449,0,0,1,0,1
30.02,74.7,2,16.29,9,6.63,2.62,2.828916751,0,0,1,0,1
13.34,96.48,0,10.15,9.14,5.58,2.74,2.629687584,1,0,0,0,1
34.49,89.9,1,17.63,8.72,6.78,2.96,3.059759486,1,0,0,0,1
1.95,77.55,4,1.1,5.8,4.24,1.82,1.959399989,0,1,0,0,0
10.15,99.02,1,17.62,10.22,9.67,2.81,2.659608217,0,0,0,1,1
4.19,52.28,3,15.11,5.24,6.92,1.97,1.707331907,1,0,0,0,1
29.6,70.24,1,6.66,12.24,7.81,3.22,3.015608783,0,1,0,0,0
27.22,80.06,3,19.17,1.06,6.41,2.06,2.276538119,1,0,0,0,0
24.9,88.6,2,16.83,4.48,8.5,2.38,2.551101191,0,1,0,0,1
28.42,70.65,3,5.71,13.88,9.26,3.18,3.081922837,0,0,0,1,0
8.2,85.5,2,4.05,8.39,6.94,2.33,2.358567709,0,0,0,1,0
35.17,98.96,1,3.2,13.21,7.75,3.61,3.476823303,1,0,0,0,0
11.31,94.05,1,17.75,3.45,7.07,2.01,2.189129451,0,0,1,0,1
1.21,77.8,3,17.5,9.63,4.96,2.31,2.192583369,0,1,0,0,1
28.41,87.08,3,9.11,2.98,8.35,2.63,2.52982718,0,1,0,0,0
0.32,88.53,4,15.79,8.06,5.92,1.99,2.148985004,1,0,0,0,1
14.91,95.41,0,7.21,2.49,6.33,2.27,2.237883159,0,0,1,0,0
36.88,77.91,3,18.13,7.97,8.09,2.96,2.949920174,1,0,0,0,1
3.58,71.42,0,10.77,14.54,4.5,2.49,2.506246715,0,0,0,1,1
16.24,96.16,3,9.52,2.01,7.39,2.05,2.232243197,0,0,1,0,1
13.7,99.13,3,4.76,4.68,7.87,2.19,2.380108045,0,0,0,1,0
24.89,93.77,2,1.84,9.19,6.37,2.77,2.901810536,0,0,1,0,1
8.39,74.55,4,15.68,13.88,8.68,2.39,2.611537754,0,0,0,1,1
4.63,85.88,1,13.64,6.57,10,2.13,2.168439377,0,0,1,0,0
23.09,86.91,1,16.82,6.48,5.8,2.78,2.618342591,0,0,1,0,0
27.81,95.32,0,9.03,11.79,5.05,2.98,3.160244467,1,0,0,0,0
26.88,89.99,3,2.49,13.61,5.11,3.09,3.212881601,0,1,0,0,1
37.95,65.55,1,10.45,7.41,7.59,2.96,2.843608928,0,0,1,0,0
0.11,74.92,1,0.79,11.57,6.01,2.35,2.265642084,0,0,1,0,1
25.89,85.09,0,8.62,2.16,9.44,2.42,2.394437689,0,1,0,0,1
24.02,56.92,2,4.03,3.79,4.48,2.01,2.143579034,1,0,0,0,1
23.55,59.7,1,16.88,10.39,8.59,2.78,2.624256666,0,0,0,1,0
38.51,74.05,0,2.58,13.9,6.94,3.2,3.375411512,0,1,0,0,1
0.67,64.91,2,9.49,1.76,7.82,1.35,1.516881849,1,0,0,0,1
27.86,93.13,1,7.7,2.02,7.53,2.66,2.497830036,0,0,0,1,0
32.55,79.31,2,16.91,14.63,7.18,3.27,3.322671485,0,1,0,0,1
13.36,92.44,4,9.5,0.64,7.27,1.94,2.039644345,0,0,1,0,0
20.8,70.72,3,7,9.27,8.84,2.47,2.577062604,0,0,0,1,1
27.76,56.37,4,2.18,5.27,9.09,2.27,2.335552154,1,0,0,0,1
9.11,52.99,4,7.22,3.42,5.22,1.94,1.722973496,0,0,0,1,0
16.41,67.51,3,5.58,12.98,6.06,2.76,2.703457685,0,1,0,0,0
35.48,98.04,3,0.76,6.56,4.9,3.07,3.024090363,0,0,1,0,1
24.75,82.03,2,5.04,14.96,6.94,3.25,3.178184821,0,0,1,0,0
5.34,84.43,3,6.59,4.24,4.63,1.92,1.983815543,0,0,0,1,1
39.22,52.12,4,13.98,1.37,4.92,2.51,2.337035999,0,1,0,0,0
34.87,75.72,3,7.37,8.51,7.53,3.09,2.935486378,0,0,1,0,0
20.11,77.34,3,15.93,0.11,6.38,2.07,2.016476667,0,0,0,1,0
21.66,53.43,3,7.01,12.55,7.05,2.76,2.638434191,1,0,0,0,1
33.2,67.9,3,0.03,3.06,7,2.34,2.447161092,0,0,0,1,0
38.73,71.76,0,7.66,3.83,6.05,2.92,2.668227171,0,0,0,1,1
36.79,79.55,2,8.13,13.71,5.16,3.51,3.35680409,0,0,0,1,0
15.57,66.45,4,1.91,6.95,8.89,2.17,2.24436347,1,0,0,0,1
38.09,50.98,3,2.3,9.22,4.09,2.63,2.803995411,0,0,1,0,1
12,52.04,2,4.67,7.58,7.42,2.24,2.08918063,0,1,0,0,0
17.86,81.42,4,18.07,4.22,9.31,2.11,2.279033777,0,0,0,1,0
26.44,92.83,2,10.18,1.56,4.06,2.28,2.418266676,0,0,0,1,0
27.86,94.94,1,0.8,8.02,9.84,2.81,2.91259151,0,0,0,1,1
1.58,79.41,1,15.07,12.25,7.62,2.48,2.402632338,0,0,1,0,0
2.4,51.71,4,7.73,8.76,7.64,1.67,1.913914092,0,1,0,0,1
2.44,99.93,4,11.24,4.71,7.9,1.88,2.125336609,0,1,0,0,0
36.31,56.58,3,16.31,7.85,4.01,2.78,2.724088481,0,0,0,1,0
29.6,87.02,2,13.34,1.96,6.22,2.56,2.478725087,0,1,0,0,1
26.9,68.65,2,13.64,9.83,9.87,2.82,2.774610849,0,1,0,0,0
21.16,59.84,3,1.28,0.62,4,1.79,1.908688784,0,1,0,0,1
12.18,54.94,1,1.96,0.01,8.42,1.52,1.612752796,0,0,1,0,0
39.92,87.43,4,12.15,13.31,6.43,3.46,3.482309476,0,0,0,1,0
18.83,85.69,3,19.91,13.58,6.17,3.22,2.954409056,0,0,0,1,1
15.13,95.77,2,16.41,3.23,4.77,2.54,2.27788918,0,0,1,0,1
6.99,95.96,0,3.61,6.85,8.1,2.22,2.330573757,1,0,0,0,0
13.12,70.58,4,12.49,1.06,4.15,2.08,1.840435623,0,0,1,0,0
27.21,65.26,4,0.56,11.92,4.07,3.04,2.86124599,0,0,1,0,0
2.53,97.15,3,14.7,12.12,6.56,2.71,2.593175279,0,1,0,0,0
24.29,99.53,2,0.84,10.83,4.78,3.05,3.057783248,0,0,1,0,0
19.11,59.94,2,13.48,14.95,6.68,2.78,2.799950799,1,0,0,0,1
11.36,82.84,1,4.25,14.88,6.2,2.99,2.829632329,1,0,0,0,1
20.58,82.55,1,5.52,11.93,7.84,2.97,2.882805293,0,0,1,0,0
14.72,91.37,3,0.45,9.9,7.9,2.72,2.684659743,0,0,1,0,0
13.5,70.87,4,8.97,14.86,9.19,2.58,2.775779014,0,0,1,0,1
38.82,69.15,4,14.48,12.55,4.04,3.19,3.236523286,0,1,0,0,0
5.34,69.66,2,1.13,5.87,4.17,1.8,1.949942883,0,0,0,1,1
3.87,79.49,2,10.6,14.06,7.14,2.45,2.577465354,0,0,1,0,0
13.74,94.08,4,1.09,13.13,6.8,2.76,2.881376407,0,0,0,1,1
23.64,96.45,0,2.88,10.59,9.94,3.01,3.000452757,1,0,0,0,0
26.37,52.68,2,15.69,14.05,6.15,2.63,2.877700429,0,1,0,0,0
15.89,59.08,1,4.57,6.93,6.33,2.43,2.188759323,1,0,0,0,0
39.97,55.61,0,1.87,10.7,9.01,3.03,3.022220881,0,0,1,0,0
28.86,67.33,3,2.83,8.53,4.43,2.8,2.687269379,1,0,0,0,0
25.5,75.33,3,16.88,10.86,4.35,2.75,2.832646701,0,0,0,1,1
32.52,81.47,3,11.8,5.75,7.17,2.56,2.758132366,0,1,0,0,0
39.05,86.61,2,15.85,13.02,6.38,3.63,3.454399174,0,1,0,0,0
35.59,94.51,2,5.14,7.28,8.41,2.92,3.047487553,1,0,0,0,0
30.58,99.45,3,12.53,4.24,7.77,2.59,2.767962879,0,0,1,0,1
27.93,83.14,2,17.98,8.24,4,2.61,2.811594243,0,0,1,0,0
13.42,92.27,2,10.68,13.58,4.1,3.03,2.878046597,1,0,0,0,1
5.91,88.9,1,17.41,10.24,9.04,2.55,2.471550911,0,0,1,0,0
2.51,65.38,4,4.36,14.25,4.99,2.17,2.388252076,1,0,0,0,1
9.68,93.78,3,19.34,6.71,7.42,2.24,2.369073394,0,1,0,0,1
17.29,52.14,0,1.59,9.88,9.64,2.46,2.36589942,0,0,1,0,1
20.88,50.02,4,15.22,9.43,9.8,2.23,2.395506905,0,0,0,1,0
30.92,63.69,4,4.03,3.59,9.07,2.44,2.37297145,1,0,0,0,1
38.35,73.1,1,2.34,11.17,9.33,3.04,3.173797692,0,0,1,0,1
4.69,81.92,3,11.18,1.02,9.43,1.73,1.739640414,0,0,0,1,1
23.59,83.65,0,4.45,2.67,9.14,2.26,2.335354573,1,0,0,0,1
29.82,90.09,1,8.78,2.83,6.49,2.68,2.574787979,0,0,1,0,0
39.34,76,0,5.57,7.79,4.7,2.94,2.994534276,0,0,0,1,0
15.99,72.59,4,19.72,9.98,4.47,2.71,2.513495437,1,0,0,0,0
15.21,89.99,4,5.58,7.47,6.81,2.77,2.525592906,0,1,0,0,0
27.4,89.95,3,5.27,0.39,9.29,2.19,2.346331225,0,0,0,1,0
26.27,53.9,2,15.49,10.15,5.89,2.54,2.626624663,0,1,0,0,0
34.48,90.25,4,12.88,4.87,8.94,3,2.816760704,0,0,1,0,1
3.89,53.33,4,11.45,13.19,4.03,2.29,2.23634597,0,0,0,1,1
19.91,61.8,2,9.18,2.15,9.7,2.15,2.006570953,0,0,0,1,0
23.24,57.65,0,4.86,0.46,4.33,2.08,1.926009768,0,0,1,0,1
9.66,59.88,2,12.19,0.91,5.58,1.44,1.641844057,0,0,0,1,0
6.76,76.42,1,17.49,7.83,4.15,2.13,2.198356468,0,0,1,0,0
34.38,83.58,4,0.63,3.23,9.76,2.65,2.65257643,0,1,0,0,1
18.82,97.98,3,17.6,0.83,6.09,2.46,2.231321637,0,0,1,0,1
18.28,88.16,1,5.17,12.45,5.93,2.72,2.898826814,1,0,0,0,0
39.2,93.51,2,7.03,0.68,4.04,2.66,2.681766686,0,0,0,1,0
16.95,78.1,0,14.98,11.81,5.44,2.76,2.716489191,1,0,0,0,1
4.69,79.81,1,0.16,12.64,6.27,2.41,2.517205283,0,1,0,0,0
10.85,71.44,3,2.11,11.76,8.92,2.42,2.52055641,0,0,1,0,0
16.15,77.76,1,5.71,3.28,8.43,2.21,2.144618132,0,0,0,1,0
13.79,84.77,0,16.13,5.91,9.89,2.16,2.326135743,0,0,0,1,1
28.55,54.64,0,4.43,3.17,7.12,2.22,2.202983101,1,0,0,0,1
25.57,58.33,2,8.21,3.39,5.56,2.34,2.185394168,0,0,0,1,0
15.97,92.56,3,16.28,10.36,7.61,2.91,2.746828136,0,0,1,0,1
17.27,88.55,0,15.87,2.27,8.24,2.46,2.218284081,0,0,1,0,0
2.8,68.86,3,7.28,0.95,7.85,1.52,1.551971299,1,0,0,0,1
32.9,96.3,4,3.13,3.27,4.65,2.5,2.714036477,0,0,0,1,1
21.48,61.07,4,6.39,6.07,8.64,2.44,2.278182186,1,0,0,0,1
4.42,52.21,4,10.27,5.67,4.68,1.75,1.764415368,0,1,0,0,0
16.2,71.56,0,11.76,7.28,7.12,2.57,2.350628608,0,0,0,1,0
16.21,83.63,2,12.12,3.92,8.16,2.02,2.250113793,0,1,0,0,1
12.84,91.42,1,18.82,5.41,7.13,2.15,2.33191295,0,0,1,0,1
29.49,51.64,2,17.96,3.37,4.36,2.02,2.211835157,0,0,0,1,0
24.25,66.95,3,0.61,8.62,8.78,2.63,2.608025543,0,1,0,0,0
28.13,59.44,3,2.18,2.07,9.98,2.04,2.171239075,0,0,0,1,1
38.37,88.37,2,10.61,8.28,5.38,3.36,3.136970309,0,1,0,0,0
4.13,75.84,1,3.24,6.02,6.43,2.18,2.023483468,0,1,0,0,0
34.69,99.15,4,2.96,10.74,4.64,3.2,3.283955907,0,0,0,1,1
1.17,57.2,1,10.59,3.47,6.48,1.38,1.567001544,1,0,0,0,1
16.17,55.82,3,3.65,12.32,6.34,2.78,2.523618079,0,0,0,1,0
20.97,58.16,0,5.18,2.14,4.31,1.94,2.005432595,0,1,0,0,0
14.6,84.81,1,2.41,13.42,5,2.84,2.843137699,0,0,0,1,0
7.62,55.48,0,11.89,6.71,8.02,1.77,1.945663972,0,0,0,1,0
0.76,78.29,4,18.54,7.2,8.15,2.14,2.01646353,1,0,0,0,0
20.73,71.01,4,4.76,9.54,5.19,2.57,2.600991156,0,0,1,0,0
8.91,88.49,1,14.17,2.8,7.33,1.82,2.042844002,0,1,0,0,1
3.22,92.48,0,10.57,1.95,5.85,1.8,1.883801732,0,1,0,0,1
3.41,51.65,4,12.79,3.95,8.16,1.77,1.618499563,0,1,0,0,1
8.86,65.51,1,14.62,14.97,6.25,2.72,2.625569303,0,1,0,0,1
4,75.77,1,14.57,1.48,8.57,1.77,1.704556739,0,0,0,1,0
10.6,70.8,2,9.7,7.96,6.9,2.34,2.236075226,0,0,0,1,1
2.62,65.39,3,4.12,12.49,9.56,2.37,2.299182792,0,0,1,0,1
34.25,97.27,0,18.37,14.36,6.61,3.6,3.525503804,0,1,0,0,1
6.48,64.71,3,1.16,14.93,7.3,2.57,2.54751035,0,0,0,1,0
22.39,67.7,2,6.74,8.28,5.13,2.67,2.509184071,1,0,0,0,1
30.94,50.19,3,13.8,3.61,8.16,2.2,2.273024552,0,1,0,0,0
6.13,57.74,1,8.66,11.04,8.14,2.17,2.215575095,0,0,1,0,1
7.98,60.21,1,2.08,7.15,9.54,1.88,2.026878348,1,0,0,0,0
17.32,62.76,0,2.79,4.08,9.65,1.99,2.080573142,1,0,0,0,0
13.98,60.32,4,9.67,12.44,7.23,2.44,2.518548791,0,0,1,0,1
31.26,89.88,2,6.79,8.26,9.02,2.93,2.96717211,0,0,0,1,0
30.04,90.4,3,7.5,9.02,6.75,2.8,2.982789052,0,0,1,0,1
35.83,60.86,1,12.02,13.31,5.24,3,3.117163424,0,0,0,1,1
15.7,87.14,2,1.41,0.03,4.45,1.94,1.994946769,0,0,1,0,1
35.13,59.8,1,3.15,14.6,6.2,3.02,3.173265492,1,0,0,0,1
27.63,64.32,0,1.41,5.16,6.04,2.54,2.417262552,0,0,1,0,1
39.49,58.34,1,0.69,5.99,4.72,2.64,2.703791997,0,0,0,1,0
30.37,58.63,0,15.52,5.52,9.13,2.27,2.469188518,0,1,0,0,1
14.58,74.08,3,17.02,12.67,8.01,2.75,2.683571242,1,0,0,0,0
20.04,55.48,0,8.32,11.05,4.15,2.38,2.530801934,0,0,1,0,1
15.06,66.08,3,19.38,2.68,7.24,1.75,1.945797099,0,0,0,1,1
14.6,71.33,3,17.27,6.12,4.92,2.07,2.235114124,0,1,0,0,0
10.44,51.23,3,17.21,0.04,7.07,1.49,1.517210144,0,0,1,0,1
27.27,54.71,1,19.09,3.54,6.48,2.28,2.222208835,0,1,0,0,0
11.09,74.68,1,14.98,1.25,7.58,1.61,1.842454701,0,0,0,1,1
20.98,91.29,2,7.07,9.91,7.28,3,2.818553247,1,0,0,0,1
4.7,90.92,2,17.78,3.29,7.47,1.91,1.979903604,1,0,0,0,0
6.39,54.02,4,0.08,8.24,6.87,2.09,1.998445329,0,0,1,0,0
1.87,80.06,2,11.43,2.42,5,1.53,1.731662136,1,0,0,0,1
38.83,91.73,1,10.4,11.85,5.45,3.38,3.411971786,0,0,1,0,0
0.15,61.9,2,1.64,14.73,9.36,2.11,2.364414729,0,0,1,0,0
7.14,88.1,2,17.25,1.61,8.43,2.07,1.89408971,1,0,0,0,1
24.51,94.54,2,5.63,12.62,9.9,2.99,3.136607421,0,0,1,0,1
35.28,55.37,3,9.5,0.77,5.9,2.12,2.2179588,0,0,1,0,1
28.78,50.45,1,16.34,7.82,9.76,2.31,2.489361629,1,0,0,0,0
38.66,59.59,1,11.9,7.23,6.64,3.01,2.789346321,0,1,0,0,1
20.31,63.52,4,11.28,13.37,7.63,2.83,2.77110161,0,0,0,1,0
12.02,80.81,0,7.25,5.11,7.42,2.39,2.201032312,0,0,1,0,0
21.98,69.21,3,5.59,11.36,4.84,2.65,2.737095994,0,0,1,0,0
37.23,85.17,4,9.56,1.98,8.39,2.83,2.641448122,0,0,1,0,1
20.83,67.65,1,5.11,5.83,4.35,2.56,2.307568623,1,0,0,0,1
35.1,65.63,4,8.81,2.72,7.32,2.67,2.437925506,0,0,0,1,1
14.88,94.22,0,16.87,2.97,5.21,2.18,2.232968887,1,0,0,0,1
0.06,97.93,4,18.61,3.68,8.5,1.89,1.948377525,1,0,0,0,1
9.91,60.38,0,16.59,11.14,9.38,2.59,2.342899675,1,0,0,0,0
12.73,89.42,4,10.51,14.15,9.87,3.13,2.894253284,0,0,0,1,0
13.44,83.3,0,18.81,0.81,4.3,2.21,1.949689093,0,0,0,1,1
35.23,54.21,4,7.1,0.59,5.63,2.39,2.192642113,0,0,0,1,0
37.8,98.69,1,3.46,6.43,7.2,3.31,3.091256265,0,0,0,1,0
15.07,92.09,1,13.05,9.96,5.37,2.61,2.681019797,1,0,0,0,1
31.68,73.84,4,2.44,3.45,5.17,2.53,2.503194563,0,1,0,0,0
27.03,81.09,0,6.07,1.44,6.66,2.42,2.338060591,0,1,0,0,0
8.66,73.47,4,13.49,3.26,9.4,1.75,1.896481283,1,0,0,0,1
6.64,87.97,4,4.44,5.66,8.62,2.19,2.159248016,0,0,1,0,1
36.91,58.91,4,12.07,0.26,8.29,2.25,2.255056278,0,0,0,1,1
11.76,58.56,3,13.2,3.74,7.44,1.73,1.869272256,0,0,1,0,1
18.12,71.59,1,10.46,9.77,5.97,2.6,2.553988655,1,0,0,0,0
19.76,66.04,0,15.19,1.85,4.42,1.92,2.001834691,1,0,0,0,1
33.77,92.22,4,3.82,12.91,5.17,3.23,3.342947489,1,0,0,0,0
5.56,88.58,2,19.33,13.04,5.37,2.84,2.635073415,0,0,1,0,0
32.72,53.63,0,6.16,13.42,6.28,2.81,2.989236551,0,0,1,0,1
4.1,88.33,4,0.04,10.95,6.02,2.53,2.448868469,0,0,0,1,0
6.26,63.32,3,11.59,13,9.29,2.29,2.398388007,1,0,0,0,0
12.17,68.43,4,19.99,5.8,5.22,2.35,2.106928639,0,0,0,1,0
3.01,60.96,0,11.8,7.49,4.98,1.88,1.921151231,0,0,0,1,1
16.99,89.45,2,12.2,13.43,4.46,3.02,2.929426377,1,0,0,0,1
4.3,57.21,1,6.55,6.44,9.55,1.72,1.862144629,0,0,1,0,1
22.73,92,1,4.74,10.05,5.17,3.09,2.889861585,0,0,0,1,0
9.86,83.08,4,10.16,6.37,7.43,2.4,2.244736601,0,1,0,0,1
23.86,52.95,3,18,10.62,6.24,2.46,2.577592652,0,0,1,0,0
4.7,90.55,1,0.2,9.2,7.33,2.59,2.364897616,1,0,0,0,1
39.04,81.39,3,11.39,6.62,7.86,2.75,2.956277921,1,0,0,0,0
37.3,95.25,0,8.57,8.24,9.04,3.31,3.166974977,1,0,0,0,0
9.69,78.06,3,16.8,13.19,5.96,2.82,2.622522826,1,0,0,0,1
10.02,91.83,4,8.98,10.15,5.09,2.58,2.589558087,0,1,0,0,0
19.34,63.9,1,4.35,10.71,7.64,2.37,2.576158464,1,0,0,0,0
1.6,77.35,2,7.53,14.55,4.79,2.4,2.518895196,0,0,1,0,1
16.33,98.41,1,1.7,2.81,4.17,2.25,2.317352854,0,1,0,0,1
15.1,61.31,4,7.52,4.77,9.07,1.89,2.051371789,0,0,0,1,0
32.37,50.79,3,12.51,14.19,5.32,3.17,2.987251199,0,0,0,1,1
28.36,66.29,4,5.26,3.43,6.93,2.12,2.328170914,1,0,0,0,0
14.08,51.42,4,13.78,1.77,8.71,1.63,1.735005392,0,0,1,0,0
35.9,77.96,0,13.73,4.06,6.41,2.47,2.669240954,1,0,0,0,1
30.8,93.71,2,13.83,4.14,7,2.98,2.699012761,1,0,0,0,1
14.3,85.24,3,0.03,10.63,4.18,2.76,2.633210544,1,0,0,0,1
24.87,81.15,1,16.26,1.63,6.06,2.3,2.271367263,1,0,0,0,0
11.54,97.8,2,18.35,11.35,5.57,2.93,2.75192858,0,0,1,0,1
34.98,97.91,0,0.39,4.55,6.34,2.99,2.896931818,0,1,0,0,1
8.5,80.39,4,13.53,5.5,4.96,1.99,2.11306414,0,0,0,1,0
7.32,74.39,4,3.92,6.4,9.65,2.29,2.088362894,0,0,0,1,1
16.12,50.67,2,16.76,1.89,6.58,1.7,1.769848679,0,0,0,1,1
29.81,80.31,4,12.52,1.6,7.83,2.38,2.3768918,0,0,0,1,1
21.08,99.45,2,4.5,8.13,9.56,2.76,2.79305923,0,0,0,1,1
19.51,90.91,2,19.34,9.56,7.43,2.56,2.768665527,0,0,0,1,0
0.02,67.03,1,4.32,1.38,4.76,1.62,1.503907848,0,0,1,0,1
37.3,98.35,3,1.96,3.34,7.24,2.84,2.862944493,0,0,1,0,1
8.62,93.74,3,19.05,10.36,6.55,2.44,2.583710349,0,1,0,0,1
32.12,55.06,1,4.41,10.31,8.58,2.87,2.80295789,0,1,0,0,0
6.37,74.18,3,11.08,6.08,8.47,2.28,2.056215853,0,0,1,0,0
24.23,65.68,1,6.99,2.14,7.88,2.24,2.155649601,0,0,1,0,0
4.63,75.62,2,8.84,14.73,6.73,2.62,2.603077137,0,1,0,0,1
29.12,65.09,0,0.74,7.56,6.79,2.59,2.620203213,1,0,0,0,0
25.5,93.09,2,4.7,4.41,5.79,2.41,2.590032114,0,0,1,0,1
32.48,92.22,3,15.47,0.83,5.59,2.53,2.511554113,0,0,1,0,1
19.18,65.77,1,18.04,4.71,9.09,2.03,2.189208417,0,0,0,1,1
36.59,79.98,0,4.67,9.19,9.16,3.12,3.069469712,0,0,0,1,0
1.97,71.51,1,15.47,3.69,4.09,1.88,1.735129617,1,0,0,0,1
11.72,95.45,2,0.58,8.54,8.32,2.79,2.572885367,0,1,0,0,0
28.6,59.37,1,0.89,4.17,5.98,2.23,2.324372873,0,0,1,0,1
6.92,98.52,0,2.96,6.2,5.45,2.16,2.30748373,0,0,1,0,1
4.29,58.76,4,3.32,5.35,6.01,1.99,1.791110008,0,0,0,1,0
32.69,60.1,4,12.55,3.69,8.48,2.58,2.40796646,0,1,0,0,1
35.29,88.96,1,15.58,5.84,8.25,2.69,2.896276284,0,0,0,1,0
29.33,74.53,4,6.73,14.25,8.05,3.21,3.152680851,0,0,0,1,1
14.94,60.63,4,16.83,5.37,8.28,1.9,2.075966427,0,0,1,0,1
35.56,55.6,0,9.52,9.98,8.82,2.72,2.843028055,1,0,0,0,1
29.49,66.07,4,1.17,13.8,7.11,3.07,3.042239472,0,0,0,1,1
0.21,64.24,0,3.01,9.41,4.79,2.04,2.012303826,0,0,0,1,1
27.77,72.23,3,1.71,12.44,9.35,2.85,2.980607368,1,0,0,0,0
36.78,96.51,0,10.54,10.26,6.94,3.31,3.299089513,0,0,1,0,1
28.42,59.06,4,13.53,14.21,6.45,2.78,2.980884866,0,0,0,1,0
7.08,70.07,2,12.38,6.11,7.29,1.79,2.014075482,1,0,0,0,1
19.34,80.78,0,17.46,11.59,5.28,3,2.798570561,0,0,1,0,1
37.48,95.89,2,2.81,0.2,7.38,2.66,2.65539252,0,1,0,0,0
36.93,54.05,1,3.43,6.38,8.57,2.6,2.631438967,0,0,1,0,1
11.31,74.04,1,18.37,9.9,8.57,2.33,2.435921156,0,0,1,0,0
13.59,72.73,3,7.09,12.95,8.52,2.47,2.669866858,0,0,1,0,1
24.01,60.48,0,4.34,0.49,4.87,1.89,1.978109602,0,0,0,1,0
38.53,67.37,1,18.24,14.13,7.9,3.38,3.316822145,0,0,0,1,0
5.91,72.71,2,19.4,13.27,6.88,2.64,2.498665772,0,0,1,0,1
10.28,93.26,1,12.76,13.1,4.37,2.83,2.781018734,1,0,0,0,1
34.94,97.75,3,7.77,9.64,9.01,3.37,3.231257726,0,0,1,0,0
19.68,75.95,4,13.77,7,5.32,2.3,2.437813038,0,0,0,1,1
35.96,93.5,2,0.31,12.06,4.08,3.43,3.346549195,1,0,0,0,1
7.42,80.41,2,2.89,3.09,7.86,2.14,1.938624312,0,0,0,1,0
21.31,67.45,4,7.37,4.38,5.03,2.11,2.220297781,0,0,0,1,1
13.05,59.71,3,16.64,2.59,4.37,1.71,1.816023557,1,0,0,0,1
12.66,70.66,3,6.09,14.97,9.6,2.9,2.763948434,0,0,1,0,1
17.88,76.14,0,1.16,2.88,4.89,2.31,2.146089399,0,0,1,0,0
17.32,52.22,2,7.57,10.51,7.12,2.28,2.391238831,0,0,0,1,1
14.29,57.29,0,4.83,6.93,6.2,2.06,2.133819747,1,0,0,0,0
29.27,61.25,0,7.98,1.22,5.89,2.13,2.166354456,0,0,0,1,0
29.1,91.87,0,7.03,13.94,6.1,3.39,3.304375747,1,0,0,0,0
11.6,66.35,4,14.68,11.17,6.96,2.45,2.426114813,0,0,0,1,1
23.11,55.24,0,1.26,8.19,8.24,2.56,2.420859322,1,0,0,0,0
31.17,54.18,1,7.58,3.14,10,2.45,2.277488795,0,0,1,0,1
31.82,96.86,0,6.85,0.1,7.11,2.7,2.4967342,0,0,0,1,1
13.78,55.9,3,12.94,11.59,9.66,2.48,2.431401575,0,1,0,0,1
30.83,57.05,0,17.76,4.68,7.16,2.46,2.391330375,1,0,0,0,0
5.66,62.71,4,16.33,2.58,4.83,1.46,1.682613222,0,1,0,0,1
34.64,83.3,4,12.19,12.13,7.42,3.16,3.221006213,1,0,0,0,1
17.65,90.84,0,0.58,9.31,5.56,2.5,2.698490375,0,0,0,1,1
19.46,80.36,1,15.34,9.62,5.64,2.65,2.652659541,1,0,0,0,1
17.93,97.87,2,10.75,13.88,6.6,3.28,3.079042214,1,0,0,0,0
22.71,85.44,4,16,13.38,7.92,3.11,3.03130982,1,0,0,0,1
24.85,55.64,0,8.18,10.21,7.7,2.7,2.622320601,0,1,0,0,0
19.93,77.92,2,13.31,14.42,5.84,2.83,2.963867751,0,0,0,1,1
34.67,85.91,3,3.98,3.43,4.17,2.58,2.668115166,0,0,0,1,1
25.11,90.1,3,3.84,0.29,5.46,2.13,2.283195394,0,1,0,0,1
16.06,51.32,4,6.81,13.83,6.72,2.76,2.592321573,0,1,0,0,0
16.67,85.94,4,10.39,3.96,9.46,2.18,2.275407571,0,0,1,0,1
32.43,91.28,3,14.33,14.6,7.66,3.48,3.417073943,0,0,0,1,1
8.46,75.62,3,16.43,4.18,7.56,1.81,1.985839745,0,0,0,1,0
2.38,72.9,0,8.53,13.64,6.66,2.37,2.44322948,0,0,1,0,1
35.04,77.47,2,18.25,12.19,5.97,3.13,3.199788728,0,0,1,0,0
4.8,96.15,3,3.74,8.63,6.87,2.46,2.408599629,0,1,0,0,0
13.38,80.85,0,13.67,2.37,6.16,1.96,2.049659405,0,1,0,0,1
7.01,94.39,3,5.08,1.08,9.45,2.08,1.923387381,0,0,0,1,1
35.99,53.42,2,17.73,1.17,7.53,2.17,2.245478345,1,0,0,0,0
2.28,75.04,3,1.37,7.08,7.4,2.11,2.007504465,1,0,0,0,1
39.22,64.32,4,19.83,9.22,6.98,3.04,2.96725905,0,0,0,1,0
34.54,67.8,4,17.37,13.82,8.12,3.18,3.19303958,0,0,1,0,1
14.72,78.93,4,4.5,7.54,4.1,2.47,2.394013915,0,0,1,0,0
13.69,84.18,1,15.96,9.76,8.36,2.4,2.563164117,1,0,0,0,1
12.58,56.49,1,11.64,14.86,8.79,2.6,2.637239752,0,1,0,0,0
26.29,52.94,3,8.78,0.5,5.56,1.86,1.955445091,0,0,0,1,0
20.69,78.79,3,15.01,14.54,7.52,3.15,3.016305331,0,0,1,0,0
19.4,59.31,2,0.48,12.05,7.42,2.48,2.641335503,0,1,0,0,0
22.19,96.39,2,9.54,12,6.63,2.83,3.035807729,1,0,0,0,1
33.07,76.86,1,3.05,9.94,8.91,3.19,3.015674058,0,1,0,0,0
29.02,54.62,1,8.29,13.59,9.83,2.92,2.924661813,0,0,1,0,1
1.54,92.15,1,18.21,6.87,4.11,2.18,2.14320097,0,0,0,1,1
30.92,99.16,1,9.37,7.55,4.88,2.83,2.989171841,1,0,0,0,0
8.67,72.43,0,5.04,12.56,7.7,2.33,2.526948602,0,0,0,1,0
36.13,52.12,3,10.65,7.26,4.02,2.58,2.631978331,1,0,0,0,0
1.72,55.88,3,1.22,7.9,8.55,1.89,1.878064617,0,0,0,1,0
13.32,69.08,2,5.89,3.67,7.5,2.12,2.005946933,1,0,0,0,0
3.99,94.28,3,15.67,4.96,8.04,2.12,2.105618489,1,0,0,0,0
19.02,57.4,3,12.84,4.31,7.75,2.25,2.094712742,0,1,0,0,0
32.8,91.2,3,0.48,0.68,7.59,2.46,2.502386373,1,0,0,0,0
11.93,50.75,0,11.4,8.75,4.61,1.9,2.124920489,0,0,0,1,1
6.04,72.87,0,4.35,12.64,5.41,2.43,2.464116445,0,0,1,0,1
13.21,82.22,3,19.51,11.55,6.78,2.46,2.664380393,0,1,0,0,1
9.09,97.22,2,7.71,7.36,8.05,2.62,2.419827058,0,0,0,1,1
2.75,58.01,4,9.8,12.25,5.87,2.08,2.221233278,0,1,0,0,0
28.23,86.48,2,3.65,5.3,9.71,2.61,2.654818262,0,0,0,1,1
15.81,80.45,4,14.09,0.55,7.87,1.95,1.965947291,1,0,0,0,0
12.43,59.26,0,16.83,13.31,9.08,2.67,2.559940612,0,1,0,0,0
28.75,50.31,0,0.09,10.05,9.43,2.41,2.638942198,1,0,0,0,0
13.44,50.46,3,2.66,2.73,5.19,1.54,1.769629613,0,1,0,0,1
29.11,76.6,4,5.67,3.09,6.39,2.26,2.436373394,0,1,0,0,1
32.61,97.14,0,19.68,5.97,4.37,3,2.911467829,0,0,0,1,0
8.71,82.21,0,8.09,7.15,4.89,2.22,2.255976785,0,0,0,1,0
6.49,74.69,0,2.42,7.74,7.1,2.07,2.180360837,0,1,0,0,1
11.63,79.09,4,18.03,13.39,6.63,2.72,2.713938193,0,0,1,0,0
13.82,93.84,0,12.39,5.54,5.6,2.43,2.397502862,0,1,0,0,1
19.2,88.04,1,10.79,12.91,6.49,2.88,2.97370893,0,1,0,0,0
20.89,99.91,0,15.54,10.44,9.63,2.79,2.976287969,0,1,0,0,0
35.58,61.35,3,12.8,7.75,8.09,2.59,2.747096865,0,0,0,1,1
24.92,98.21,2,11.51,8.89,6.68,2.97,2.927915361,0,0,0,1,0
4.46,89.04,3,3.37,5.97,6.58,1.99,2.122049549,1,0,0,0,1
18.36,58.32,0,19.72,8.25,6.82,2.45,2.328954538,0,0,0,1,1
12.89,77.63,4,16.22,1.86,9.17,1.78,1.947547136,1,0,0,0,1
29.19,58.1,1,15.2,12.46,4.25,2.71,2.882578744,0,0,1,0,0
2.77,98.17,2,9.17,3.1,5.52,1.78,1.977600773,1,0,0,0,1
35.17,65.25,2,14.78,14.07,9.38,3.47,3.217320614,0,0,1,0,0
29.39,97.07,0,15.46,8.67,9.6,2.92,3.015074569,0,0,0,1,1
39.99,50.24,3,11.09,9.2,6.17,2.66,2.839730743,0,0,0,1,1
7.89,77.69,4,10.01,6.3,5.23,2.37,2.120594651,1,0,0,0,0
21.4,55.69,2,1.17,13.74,5.36,2.88,2.753330689,0,0,1,0,0
12.17,84.91,1,10.77,11.21,9,2.46,2.653190306,0,1,0,0,1
32.21,86.05,1,3.94,7.37,6.23,2.84,2.881025114,0,0,0,1,1
28.96,64.9,0,5.43,6.37,5.94,2.58,2.545564732,0,1,0,0,1
36.89,86.6,3,7.8,14.81,8.94,3.3,3.505981957,0,0,1,0,1
19.69,67.11,0,6.06,1.85,8.39,2.04,2.051553254,0,1,0,0,0
34.95,68.78,3,5.09,3.05,6.61,2.28,2.496956641,0,0,0,1,0
33.36,67.96,1,9.71,5.66,8.21,2.42,2.622923831,0,0,0,1,1
8.55,80.83,4,15.51,1.97,6.03,1.84,1.893334048,0,1,0,0,1
30.85,95.02,3,16.11,14.03,9.62,3.19,3.387911457,0,0,1,0,1
0.49,58.66,0,15.81,13.66,7,2.2,2.258897006,0,0,1,0,1
12.91,93.76,2,17.71,6.57,4.67,2.32,2.427741423,0,0,0,1,0
9.18,51.38,1,1.01,7.39,6.85,1.83,1.992051066,0,0,1,0,0
29.47,70.72,3,8.53,12.59,4.2,2.84,3.017918199,0,1,0,0,1
3.91,89.56,1,3.86,11.71,6.1,2.45,2.530482292,0,1,0,0,0
37.54,74.01,1,16.5,7.16,5.56,3.07,2.894923195,0,1,0,0,1
27.09,75.09,1,10.46,6.98,4.92,2.55,2.643203158,0,1,0,0,0
37.41,83.44,3,13.62,9.85,5.42,3.03,3.145302126,1,0,0,0,0
13.51,79.68,4,19.72,14.85,5.71,2.63,2.840102528,1,0,0,0,1
14.62,55.24,0,7.54,4.03,4.43,1.98,1.929504938,0,0,0,1,0
31.58,54.56,4,8.52,0.89,8.94,1.92,2.128331982,1,0,0,0,0
19.18,59.73,1,16.27,0.69,6.99,2.03,1.873974874,0,1,0,0,1
39.11,76.21,3,12.05,2.23,9.87,2.79,2.641368241,0,1,0,0,0
21.4,54.57,0,8.07,7.49,6.86,2.46,2.321524226,1,0,0,0,0
28.4,88.6,3,2.92,14.8,8.57,3.28,3.302530074,1,0,0,0,1
15,91.63,0,19.19,10.31,7.67,2.69,2.705465908,1,0,0,0,1
22.55,86.61,1,5.07,12.87,8.86,2.91,3.01524493,1,0,0,0,1
37.59,78.45,2,4.41,7.57,9.62,2.75,2.984089686,0,1,0,0,0
6.32,58.32,2,1.64,5.94,7.12,1.75,1.883908964,0,0,0,1,0
39.1,93.25,3,12.54,10.98,6.16,3.28,3.365363388,0,0,0,1,0
33.91,86.82,0,2.53,2.65,9.79,2.84,2.635897715,0,0,0,1,0
22.68,69.93,0,13.33,13.58,6.45,2.8,2.898755225,1,0,0,0,1
21.86,85.08,3,14.08,6.42,6.71,2.78,2.547920354,0,0,0,1,1
36.76,68.78,4,2.5,1.41,8.7,2.31,2.442792676,0,1,0,0,1
14.72,79.39,3,16.47,3.56,9.55,2.06,2.126556002,1,0,0,0,1
35.18,52.32,4,18.98,5.69,4.74,2.41,2.517303404,0,1,0,0,1
13.22,68.97,3,16.91,12.45,8.61,2.81,2.599733713,0,1,0,0,1
11.13,73.34,1,1.49,10.95,7.52,2.55,2.481501961,1,0,0,0,0
4.92,57.38,1,17.65,4.76,7.06,1.77,1.757057916,1,0,0,0,0
22.39,80.28,4,11.6,6.1,6.56,2.65,2.493861043,1,0,0,0,0
20.12,62.02,4,18.94,11.94,9.91,2.45,2.659098577,0,0,1,0,1
32.53,98.66,1,15.44,10.7,9.89,3.19,3.258305376,0,1,0,0,1
30.86,61.24,2,12.18,13.86,8.9,3.03,3.04101123,0,0,0,1,1
22.85,78.02,3,13.41,3.96,7.34,2.12,2.366460745,0,1,0,0,0
4.26,70.69,0,7.88,5.22,6.59,2.06,1.916532767,0,1,0,0,1
16.51,92.17,3,3.59,1.92,8.62,2.05,2.207105772,0,1,0,0,1
22.39,50.36,0,19.94,6.26,8.19,2.17,2.230278188,0,0,0,1,0
36.18,84.24,3,5.83,1.49,6.2,2.76,2.571295588,0,0,1,0,1
4.19,89.97,1,14.05,11.14,7.8,2.44,2.481107299,0,0,0,1,1
39.31,70.95,0,4.56,3.1,4.11,2.76,2.616361695,1,0,0,0,1
35.18,61.02,4,18.16,12.8,8.32,3.32,3.071839843,1,0,0,0,0
16.41,80.3,2,8.15,0.08,7.92,2.1,1.966374208,0,1,0,0,1
11.62,82.11,4,8.1,2.73,8.43,1.99,2.037898752,0,0,1,0,0
28.31,82.64,2,19.64,3.64,6.36,2.5,2.493970085,1,0,0,0,1
18.77,57.31,2,2.95,10.1,8.07,2.62,2.467870512,0,0,1,0,0
28.5,60.7,3,2.19,9.23,9.24,2.64,2.677036669,0,0,0,1,0
6.51,65.85,3,12.73,6.13,8.24,2.07,1.990649455,0,1,0,0,0
27.66,79.07,2,16.46,6.47,9.35,2.63,2.64432332,0,0,0,1,1
30.68,75.44,1,9.18,10.85,4.66,3.1,2.983020404,0,0,1,0,0
11.49,56.54,2,7.92,8.56,9.44,2.13,2.168549302,1,0,0,0,0
35.11,76.75,3,15.99,6.88,6.79,2.74,2.83350454,0,0,0,1,0
32.1,84.88,2,12.13,0.27,4.11,2.29,2.380209736,1,0,0,0,1
26.69,59.32,2,1.05,13.83,9.83,2.84,2.936957895,0,1,0,0,1
6.27,78.2,0,4.26,2.38,5.92,1.65,1.849020697,0,1,0,0,1
33.18,82.99,3,1.01,10.96,6.21,3.06,3.118651376,0,0,0,1,0
20.14,85.34,2,10.18,12.24,7.79,2.7,2.917720229,0,1,0,0,1
38.58,72.13,1,16.11,6.11,7.23,2.72,2.828648983,0,0,0,1,0
34.92,53.63,4,3.31,4.31,7.39,2.45,2.429671415,0,0,1,0,1
15.23,62.93,3,19.85,14.5,6.98,2.82,2.715242306,0,0,0,1,0
23.7,71.27,2,14.02,10.11,5.38,2.8,2.710454349,0,0,1,0,1
9.36,97.02,1,19.05,5.58,5.68,2.14,2.305309723,1,0,0,0,0
11,97.54,3,16.92,0.65,8.19,2.29,2.023670662,1,0,0,0,0
35.21,71.52,2,13.61,5.84,5.71,2.54,2.710329851,1,0,0,0,0
33.64,77.38,0,17.61,14.34,4.86,3.57,3.303037257,0,0,0,1,0
23.71,52.92,4,8.59,8.32,7.13,2.48,2.420839093,0,0,1,0,0
33.46,94.2,1,6.42,13.18,8.73,3.55,3.400218444,0,0,1,0,0
29.3,82.09,3,15.76,13.69,4.82,3.39,3.19132682,0,0,0,1,0
27.57,57.46,3,9.53,7.29,8.62,2.5,2.488888175,0,0,1,0,1
4.48,60.6,4,18.57,11.44,8.1,2.19,2.230917445,0,1,0,0,1
2.2,78.46,4,16.88,6.56,4.59,1.91,1.999104038,0,0,0,1,1
0.42,88.26,2,8,13.22,9.28,2.49,2.520429412,0,0,0,1,0
6.53,57.1,4,5.87,13.93,9.87,2.49,2.417845401,0,0,1,0,0
27.45,57.48,3,3.62,13.72,4.49,3.01,2.898539707,0,0,0,1,1
9.83,90.51,3,19.68,4.65,7.87,2.38,2.213489078,0,1,0,0,0
3.24,78.65,3,9.05,0.72,6.61,1.78,1.640061146,1,0,0,0,1
14.58,85.87,1,9.46,13.49,8.01,2.65,2.864203003,0,0,0,1,0
32.6,59.44,3,6.14,5.98,8.57,2.48,2.554300152,0,0,1,0,0
37.69,51.09,1,7.51,9.4,9.21,3.05,2.81691479,0,0,0,1,1
8.54,77.53,3,4.87,4.96,8.56,1.93,2.052951959,0,0,0,1,1
11.93,88.67,4,3.25,7.34,8.64,2.57,2.396806716,1,0,0,0,1
14.73,53.57,2,9.42,11.55,4.42,2.4,2.403161582,0,0,0,1,1
36.98,93.26,1,18.93,12.53,9.61,3.29,3.419943392,0,0,0,1,1
27.62,67.11,2,16.33,6.75,6.39,2.32,2.532821954,1,0,0,0,1
38.5,67.88,4,5.87,12.49,8.27,3.05,3.214121538,0,1,0,0,1
17.83,56.17,3,15.55,7.98,4.7,2.32,2.273850639,0,0,0,1,0
26.62,68.66,3,6.55,5.66,6.89,2.5,2.459163997,1,0,0,0,0
29.85,65.71,0,4.29,11.88,9.06,2.98,2.940494641,0,0,1,0,1
18.01,50.41,3,6.16,1.01,6.59,1.74,1.74861467,1,0,0,0,1
14.3,73.77,2,8.74,14.08,6.84,2.87,2.773248575,0,0,0,1,0
22.96,84.28,1,3.66,14.66,9.21,2.91,3.128154119,0,0,0,1,1
29.64,80.1,1,18.63,9.86,4.01,2.82,2.934492211,0,0,1,0,0
26.76,59.98,1,15.27,10.24,5.47,2.46,2.695846102,0,0,1,0,0
23.16,56.61,3,4.14,1.3,9.04,2.2,1.983603261,0,1,0,0,1
13.09,51.68,0,7.89,11.33,6.79,2.35,2.334826276,1,0,0,0,1
13.83,60.82,1,10.85,9.36,8.48,2.54,2.321373789,1,0,0,0,0
31.28,65.23,0,0.78,10.68,8.03,2.98,2.882202662,0,0,0,1,1
22.92,69.16,4,5.06,4.05,6.78,2.09,2.253870749,1,0,0,0,1
23.82,77.34,3,12.06,13.48,9.93,3,3.00591034,0,0,1,0,1
30.34,65.91,2,16.34,12.64,5.94,3.2,2.993984288,0,0,0,1,0
38.03,85.77,0,3.4,8.23,7.9,3.09,3.094754167,0,0,0,1,0
39.31,75.27,3,2.19,8.2,5.08,3.14,3.015574016,0,1,0,0,1
16.61,81.2,0,15.3,12.89,9.24,2.59,2.840386178,0,0,1,0,0
39.55,53.63,4,1.7,9.09,8.76,3,2.87576863,0,1,0,0,1
6.71,85.7,3,15.73,2.16,9.83,2.05,1.903010464,0,0,0,1,1
35.31,54.75,3,10.62,0.75,5.63,2.43,2.207373598,1,0,0,0,0
12.29,96.2,3,9.77,3.08,7.24,2.47,2.208064802,0,0,0,1,0
28.63,63.88,2,13.33,6.65,5.84,2.59,2.518510322,1,0,0,0,1
33.07,96.94,1,11.45,13.39,9.9,3.27,3.412669876,1,0,0,0,1
6.76,81,3,18.06,13.38,6.28,2.82,2.613996556,0,1,0,0,1
5.72,60.66,4,9.4,8.48,5.3,1.86,2.046097344,1,0,0,0,0
8.28,94.71,2,1,8.01,8.48,2.26,2.420226353,0,0,0,1,1
28.52,57.25,2,3.28,12.81,4.96,3.07,2.874556043,0,0,0,1,0
39.1,56.6,3,10.69,7.52,6.91,2.84,2.786251319,0,1,0,0,1
16.43,72.43,1,12.41,2.44,8.96,2.08,2.050962221,0,0,1,0,0
3.9,62.46,2,17.21,8.44,7.43,1.82,2.025256115,1,0,0,0,0
4.53,72.25,0,4.61,5.03,7.01,1.68,1.917347541,0,0,1,0,1
7.74,96.67,4,6.03,10.13,4.51,2.83,2.55623111,1,0,0,0,0
15.28,54.71,2,16.87,0.08,9.17,1.61,1.677710707,1,0,0,0,0
35.87,87.34,1,10.44,4.5,8.03,2.86,2.821944114,0,1,0,0,0
35.3,99.08,3,11.51,11.39,7.18,3.47,3.344077632,1,0,0,0,1
8.35,56.32,1,16.56,0.51,9.27,1.58,1.565659287,0,0,1,0,0
28.08,50.3,0,12.83,5.5,6.66,2.36,2.316617633,0,0,0,1,0
10.63,64.85,0,4.92,9.76,4.39,2.2,2.314469468,0,1,0,0,1
10.14,89.26,2,1.6,5.51,6.88,2.07,2.242456462,0,0,0,1,1
10.36,96.23,4,13.44,1.34,7.49,1.87,2.03364875,0,0,0,1,1
24.73,99.63,4,15.09,11.49,4.88,2.95,3.117491191,0,1,0,0,0
18.25,96.18,1,13.16,7.34,6.84,2.81,2.637336445,1,0,0,0,0
32.54,56.23,4,14.04,2.83,6.39,2.35,2.296398186,0,0,0,1,0
14.49,61.73,1,11.51,5.92,9.75,2.29,2.132375141,0,0,1,0,0
26.98,86.63,2,13.14,14.23,6.28,3.15,3.218377613,0,0,1,0,1
13.73,97.49,2,4.17,7.51,4.93,2.48,2.55653981,0,1,0,0,1
26.31,99.9,1,12.99,10.62,9.47,2.88,3.102992713,0,0,0,1,0
38.18,52.14,0,0.27,6.61,4.44,2.62,2.661583965,0,1,0,0,1
19.32,60.57,0,2.38,14.82,8.22,2.78,2.826305694,0,0,0,1,0
29.58,50.62,2,0.86,10.02,6.19,2.66,2.659980175,0,0,1,0,0
20.82,96.17,0,17.08,5.83,5.73,2.51,2.599528729,1,0,0,0,0
26.93,71.75,2,13.45,0.37,9.58,2,2.143742901,1,0,0,0,1
32.2,89.13,2,19.97,8.96,5.84,3.02,3.027810477,0,0,1,0,0
0.32,53.59,0,17.67,7.32,4.4,1.65,1.785178834,0,0,1,0,0
26.41,57.9,1,1.85,12.6,4.82,2.73,2.816985174,0,0,0,1,0
29.13,85.53,3,17.22,5.51,6.67,2.64,2.687464542,0,1,0,0,1
9.34,55.93,1,13.28,7.6,6.44,2.13,2.062119799,0,1,0,0,0
38.47,94.85,4,10.93,5.3,7.97,3.09,2.983618967,1,0,0,0,0
20.49,63.41,0,9.67,6.5,7.1,2.57,2.332778345,0,1,0,0,1
3.88,69.42,0,4.14,4.91,5.26,2.11,1.858322968,1,0,0,0,0
23.98,91.23,0,5.65,6.46,6.26,2.91,2.673598806,1,0,0,0,0
27.5,74.26,3,16.64,6.73,5.87,2.45,2.603616044,1,0,0,0,0
16.9,86.44,1,8,11.34,9.9,2.65,2.796058386,0,1,0,0,1
24.76,84.7,1,1.48,1.46,8.24,2.55,2.311415698,0,1,0,0,1
39.7,55.57,2,11.48,14.77,7.62,3.2,3.287150829,0,1,0,0,0
29.28,74.96,4,8.32,3.11,8.94,2.45,2.431715089,0,1,0,0,1
24.65,60.93,1,14.78,4.87,4.53,2.05,2.292905644,0,0,1,0,0
34.25,77.73,3,6.04,3.03,9.37,2.61,2.566967883,1,0,0,0,0
39.67,77.45,0,9.15,6.27,9.55,2.76,2.912572519,1,0,0,0,1
3.44,69.3,2,9.65,12.39,5.76,2.15,2.345961339,0,0,0,1,0
12.31,57.51,4,7.37,2.25,7.54,1.72,1.768442327,1,0,0,0,0
37.44,69.23,0,7.61,6.93,7.18,2.85,2.83666325,0,0,1,0,0
27.67,97.22,0,11.1,1.12,4.33,2.72,2.47443401,0,0,1,0,0
12.05,71.06,0,3.19,3.04,5.59,1.77,1.965368289,0,1,0,0,1
19.66,52.85,4,7.53,1.8,5.06,1.69,1.864987051,0,0,0,1,1
29.31,57.61,4,14.44,10.35,5.68,2.5,2.724248801,1,0,0,0,0
37.64,91.47,0,18.68,11.6,4.13,3.53,3.349803267,1,0,0,0,0
27.64,83.35,3,16.44,12.27,7.74,3.18,3.072775729,0,0,1,0,1
4.51,80.81,4,8.68,6.72,4.66,2.36,2.090695416,0,0,0,1,1
37.13,71.82,0,10.21,10.7,6.36,3.32,3.082370562,1,0,0,0,1
16.55,83.93,0,11.4,0.36,8.82,2.13,2.00881488,1,0,0,0,1
34.36,94.27,1,13.5,10.33,7.88,3.02,3.230547,0,0,1,0,0
34.74,55.56,4,14.36,0.24,9.83,2.44,2.179748651,0,0,0,1,0
17.63,60.87,3,13.32,5.73,6.65,2.4,2.186252085,0,1,0,0,0
22.47,86.98,1,19.01,13.6,9.59,3.21,3.096782122,0,1,0,0,0
21.65,60.2,1,3.86,9.39,5.11,2.56,2.508421713,0,0,0,1,0
31.47,71.62,4,17.62,8.15,6.06,2.75,2.764878868,0,0,0,1,1
32.14,66.01,1,10.62,5.37,6.52,2.56,2.566840546,0,1,0,0,1
37.29,74.9,1,17.36,2.2,7.72,2.34,2.580846193,0,1,0,0,0
37.78,67.7,1,19.39,6.1,6.9,3.01,2.763857561,0,0,0,1,0
0.65,78.05,3,18.51,3.52,8.18,1.73,1.780734139,0,0,1,0,0
8.04,89.42,4,3.39,1.72,5.63,1.76,1.926289879,1,0,0,0,1
20.01,62.65,3,11.6,6.42,6.55,2.25,2.286519456,1,0,0,0,0
3.03,91.91,1,0.57,10.81,4.56,2.28,2.45180307,0,0,0,1,0
39.88,94.59,0,13.77,10.01,7.04,3.54,3.340215566,0,0,1,0,1
34.66,79.4,4,10.83,9.99,4.34,3.27,3.038851689,0,0,0,1,1
1.93,50.9,3,2.86,2.02,5.98,1.64,1.45299312,0,1,0,0,0
38.67,77.37,4,1.89,12.36,7.66,3.25,3.293651134,0,0,0,1,0
13.29,66.65,0,0.06,8.25,9.93,2.14,2.309939845,0,0,1,0,0
9.03,63,2,12.13,3.17,6.08,1.68,1.803291147,1,0,0,0,0
11.53,56.71,4,15.8,1.53,7.99,1.69,1.698981296,0,0,0,1,0
23.45,93.52,4,9.48,13.88,4.33,3.09,3.174917592,0,0,1,0,0
22.33,70.64,1,7.28,5.57,6.79,2.57,2.392871162,0,1,0,0,0
21.31,62.48,2,15.12,3.96,4.69,1.98,2.147081999,0,0,0,1,1
2.72,66.07,1,0.13,14.2,9.73,2.46,2.436763046,0,0,1,0,0
28.51,94.27,4,16.12,14.11,8.41,3.26,3.332527982,0,1,0,0,1
12.62,75.25,2,2.93,10.17,6.27,2.3,2.479478028,1,0,0,0,0
26.41,78.42,2,12.28,3.39,8.06,2.48,2.39382623,1,0,0,0,1
33.57,72.06,3,16.12,4.5,4.98,2.76,2.586692531,0,0,0,1,0
12.36,62.4,1,2.94,2.32,9.12,1.89,1.846433946,0,1,0,0,1
25.88,74.56,0,8.17,12.82,9.68,2.97,2.989458833,1,0,0,0,0
24.44,83.2,2,5.13,10.89,4.48,2.91,2.898024517,0,0,0,1,0
11.09,50.37,3,7.69,3.91,6.89,1.82,1.801841551,0,1,0,0,0
2.57,55.02,2,16.71,10.25,6.07,2.12,2.05006006,0,1,0,0,1
36.84,68.62,3,16.83,13.06,5.2,3.05,3.199549607,1,0,0,0,0
20.6,79.93,0,3.32,2.42,4.95,2.37,2.22043146,0,1,0,0,1
5.31,77.29,4,16.75,14.73,9.37,2.8,2.6293172,0,0,0,1,0
37.49,88.18,3,6.22,4.65,8.44,3.05,2.867782376,0,1,0,0,1
0.73,99.43,1,14.33,5.96,5.07,2.05,2.161748413,0,1,0,0,0
15.83,52.95,2,9.98,14.55,9.67,2.78,2.643482339,0,0,1,0,1
13.75,82.25,1,11.97,8.74,4.25,2.6,2.482584887,0,0,0,1,0
33.72,81.74,4,12.85,5.13,4.77,2.67,2.710139624,1,0,0,0,1
13.24,91.4,4,12.8,7.65,9.54,2.66,2.486717173,1,0,0,0,0
24.17,53.73,2,18.67,12.77,4.06,2.8,2.743057865,0,1,0,0,0
18.25,84.52,2,13.61,1.96,8.32,2.26,2.169110619,0,0,1,0,1
11.05,99.05,2,11.52,5.3,7.8,2.29,2.356822003,0,0,0,1,0
39.79,63.98,4,5.41,2.02,8.48,2.38,2.503003927,0,0,0,1,0
16.97,65.74,1,16.68,5.57,4.35,2.39,2.187289046,0,0,1,0,1
14.76,91.58,4,5.83,4.41,5.4,2.18,2.313780565,0,1,0,0,1
24.7,84.95,4,9.28,2.09,7.21,2.36,2.343979256,0,1,0,0,1
12.6,62.17,3,7.72,11.13,8.29,2.19,2.417133788,1,0,0,0,0
20.23,76.51,1,10.34,12.73,8.68,2.76,2.870845192,0,1,0,0,1
18.75,51.62,0,19.37,1.91,8.29,1.62,1.870654365,0,1,0,0,1
18.41,62.71,4,10.47,13.29,5.04,2.65,2.699532092,1,0,0,0,0
10.64,96.03,3,4.1,11.15,7.5,2.74,2.712228146,0,1,0,0,1
36.8,51.67,1,2.54,0.04,7.48,2.34,2.1678089,1,0,0,0,1
10.1,92.19,4,10,4.99,8.01,2.41,2.248285117,0,0,1,0,0
29.42,98.07,2,10.73,4.04,8.37,2.52,2.725402017,0,0,1,0,0
3.76,78.92,2,13.97,6.38,4.54,2.29,2.060568087,0,1,0,0,0
18.82,57.57,2,5.67,7.9,4.46,2.45,2.300463971,0,0,0,1,1
34.59,64.12,0,5.94,9.67,4.45,2.69,2.883672405,0,0,1,0,1
28.37,96.91,2,18.94,6.35,6.11,2.85,2.823871188,1,0,0,0,0
30.97,78.33,3,16.05,5.27,4.87,2.89,2.620575376,1,0,0,0,1
6.96,85.75,4,19.43,10.42,9.68,2.38,2.465995237,0,0,0,1,0
33.14,52.87,1,1.4,6.67,5.92,2.48,2.532651206,0,0,0,1,1
2.77,51.76,0,16.43,3.54,4.71,1.78,1.555735763,1,0,0,0,1
5.23,56.59,3,0.18,5.29,4.14,1.92,1.785284444,0,0,1,0,1
39.92,65.94,1,1.69,6.73,8.58,2.73,2.847085853,0,0,0,1,0
6.66,50.78,3,12.54,12.52,9.5,2.24,2.266279989,0,0,1,0,0
13.12,74.13,3,11.08,3.72,6.35,1.88,2.048069447,1,0,0,0,0
7.89,52.65,3,1.94,4.96,4.21,1.62,1.799441222,0,0,1,0,0
25.56,64.68,2,19.37,10.54,7.52,2.83,2.727393768,0,0,0,1,0
9.44,91.55,3,5.67,1.46,8.95,1.96,2.005217523,0,1,0,0,0
10.59,61.21,4,17.52,10.47,6.1,2.37,2.318530753,0,1,0,0,1
12.89,77.78,1,17.59,8.82,6.11,2.42,2.418009515,0,0,0,1,1
35.02,81.04,1,11.99,0.24,9.37,2.32,2.458521494,0,1,0,0,0
37.11,96.6,0,17.68,13.48,7.64,3.59,3.523760615,0,0,1,0,1
36.24,99.64,2,9.21,8.82,6.88,3.02,3.234137825,0,1,0,0,0
25.43,58.59,4,4.59,6.19,9.3,2.25,2.373381326,0,0,1,0,1
3.79,73.68,1,18.72,6.25,8.18,1.76,1.995560194,0,0,0,1,0
30.48,70.97,2,16.01,8.68,8.49,2.64,2.780142908,0,0,0,1,1
10.8,67.72,4,10.56,10.65,4.51,2.51,2.388525185,0,0,0,1,0
0.22,80.44,2,4.89,8.34,9.83,2.29,2.131968798,0,1,0,0,0
31.54,70.66,2,3.94,2.49,8.39,2.56,2.408129115,0,1,0,0,1
25.36,70.31,0,7.17,7.96,9.15,2.47,2.631838012,0,1,0,0,0
3.1,96.99,1,8.25,10.93,8.55,2.6,2.517883708,0,0,1,0,1
25.96,52.97,4,2.77,13.26,7.48,2.65,2.800687229,0,0,0,1,0
4.56,61.04,0,10.99,7.71,5.35,2.07,1.991574448,0,0,1,0,0
37.78,62.97,1,4.85,7.54,7.92,2.81,2.824144852,0,0,1,0,0
39.1,76.44,3,1.96,12.01,5.27,3.21,3.266491389,0,0,1,0,1
38.61,63.67,1,3.05,11.17,5.84,3.02,3.081814281,0,0,0,1,0
10.56,69.17,1,19.37,1.52,6.52,1.78,1.816062327,0,1,0,0,0
7.54,68.67,2,1.82,12.62,5.49,2.65,2.447575734,0,0,0,1,1
30.93,65.69,0,7.07,4.7,4.55,2.51,2.496117648,0,1,0,0,0
8.31,79.39,4,18.88,5.26,7.49,1.85,2.10469119,0,1,0,0,0
19.42,83.68,3,11.53,2.49,6.03,2.34,2.217456075,0,0,1,0,1
26.45,79.28,0,4.54,6.81,8.33,2.82,2.668048961,0,1,0,0,0
14.57,98.99,0,18.44,7.31,6.83,2.76,2.576985281,0,0,1,0,1
0.51,60.76,1,8.9,1.37,5.33,1.56,1.442931784,1,0,0,0,1
30.9,67.98,2,13.35,6.55,5.77,2.54,2.638565802,0,1,0,0,0
16.05,67.21,3,9.46,12.07,4.38,2.42,2.610101317,0,0,0,1,0
25.28,91.43,4,0.1,8.16,4.05,2.74,2.797635632,1,0,0,0,1
30.69,66.73,4,10.97,1.93,4.38,2.18,2.279874201,0,0,0,1,1
22.26,85.95,2,1.62,13.15,6.12,3.15,3.011664113,1,0,0,0,1
5.04,59.4,3,16.8,0.07,7.84,1.42,1.460661484,0,0,0,1,1
27.16,69.37,2,16.64,3.98,8.12,2.19,2.375119418,0,0,1,0,1
2.98,79.27,3,0.6,1.28,6.97,1.85,1.687532639,1,0,0,0,0
0.91,82.46,4,11.74,11.81,5.86,2.61,2.37622808,0,1,0,0,1
39.99,61.8,1,14.94,13.04,6.05,3.25,3.228537151,0,0,1,0,0
6.47,51.11,3,0.42,7.53,7.89,1.94,1.908463166,1,0,0,0,1
4.68,97.88,4,0.04,7.36,4.02,2.51,2.312486319,0,0,0,1,0
35.45,65.21,1,11.23,10.74,5.77,2.89,3.005777134,0,1,0,0,0
4.3,62.17,3,0.3,8.6,5.58,2.02,2.042936944,0,0,0,1,0
6.51,99.63,3,5.38,9.46,8.79,2.3,2.519138061,0,0,0,1,1
4.52,61.13,0,15.71,6.81,7.47,1.92,1.915090774,1,0,0,0,1
31.42,56.95,4,8.19,13.16,8.94,3.19,2.978439024,0,1,0,0,1
24.94,76.13,3,17.3,2.06,6.08,2.07,2.238921108,1,0,0,0,1
29.28,66.07,0,9.87,6.7,8.7,2.45,2.580151664,1,0,0,0,0
38.7,82.41,3,10.52,9.98,4.38,3.34,3.164664003,1,0,0,0,1
15.46,87.16,2,17.62,5.12,8.28,2.49,2.345848652,0,1,0,0,1
36.36,79.39,4,5.57,1.49,5.83,2.6,2.543719549,0,1,0,0,0
4.35,85.3,4,5.27,9.51,6.72,2.43,2.321759713,0,0,0,1,1
17.79,88.16,4,18.78,14.66,8.81,3.07,3.032413967,1,0,0,0,0
25.72,58.89,3,2.85,12.28,9.99,2.86,2.803293249,0,1,0,0,1
20.93,59.96,4,13.81,14.64,4.39,2.93,2.835165913,0,0,1,0,0
24.91,96.94,0,10.67,14.08,8.69,3.08,3.256644017,1,0,0,0,1
25.55,58.09,1,5.2,3.65,4.2,2.06,2.197234901,0,0,1,0,1
11.99,75.76,3,14.8,5.78,9.71,2.23,2.193951178,0,1,0,0,1
39.29,82.72,1,17.93,6.02,9.37,3.19,2.956223229,0,1,0,0,1
30.77,77.46,2,17.64,0.27,4.02,2.2,2.295979504,0,1,0,0,1
20.12,67.39,4,14.86,1.58,7.42,1.84,2.003431862,1,0,0,0,1
26.37,82,2,1.64,14.83,4.97,3.42,3.214592361,0,1,0,0,0
28.4,87.1,3,17.51,7.84,6.43,2.99,2.83864707,0,0,1,0,0
21.9,99.43,4,5.71,1.43,4.44,2.46,2.36520105,0,0,1,0,0
38.55,64.68,1,5.96,9.86,5.09,3.04,2.998756702,0,0,1,0,1
37.24,66.89,0,6.39,2.17,7.84,2.25,2.472277466,1,0,0,0,1
35.21,70.89,4,19.74,5.79,9.73,2.65,2.70822833,0,0,1,0,1
13.24,93.93,4,6.29,2.01,7.41,2.16,2.134249078,0,0,1,0,1
7.97,71.49,0,18.95,14.35,4.24,2.47,2.608212256,0,0,1,0,1
1.95,57.2,0,4.48,13.57,4.91,2.04,2.267542729,1,0,0,0,0
38.28,68.26,3,16.99,9.97,9.16,2.97,3.047184783,0,0,1,0,0
22.44,90.41,2,5.89,4.12,9.43,2.52,2.470649008,0,0,0,1,1
32.76,78.38,4,3.52,7.76,8.35,3,2.852414963,0,0,0,1,0
30.19,76.74,0,0.52,4.83,7.71,2.63,2.592835122,0,0,1,0,0
15.18,54.65,0,12.89,13.39,5.55,2.49,2.563586285,0,0,0,1,0
34.81,86.29,1,2.14,11.28,5.32,3.41,3.215107829,0,0,0,1,0
24.97,51.79,2,7.75,2.24,4.9,1.91,2.014295916,1,0,0,0,1
16.62,60.26,0,17.24,7.51,7.06,2.16,2.281842237,0,1,0,0,0
35.93,79.79,0,0.58,8.69,9.8,3.03,3.010954568,0,0,0,1,1
16.34,55.62,1,1.15,12.14,8.97,2.49,2.519886721,1,0,0,0,0
38.01,77.43,3,14.98,7.58,8.84,3.13,2.961327065,0,0,1,0,1
27.71,59.79,1,4.36,13.93,8.34,2.79,2.955452848,0,0,0,1,1
18.58,90.32,1,10.14,4.93,6.56,2.56,2.432504253,0,0,0,1,0
4.29,65.37,2,0.31,3.11,4.63,1.63,1.724757914,0,1,0,0,0
29.19,64.27,0,10.19,7.22,5.58,2.58,2.599653259,0,0,1,0,0
6.17,61.17,2,18.99,11.15,8.04,2.22,2.247023648,0,0,0,1,1
39.98,79.76,4,11.04,4.38,9.59,2.59,2.812395944,0,0,0,1,1
21.11,93.8,4,15.32,2.34,5.94,2.44,2.345129443,0,0,1,0,1
23.29,86.77,3,13.2,9.52,7.09,2.66,2.82389493,0,1,0,0,1
21.23,89.18,4,14.95,8.17,6.29,2.93,2.685555235,0,0,0,1,1
27.52,82.73,4,0.31,0.17,5.67,2.34,2.261132114,0,1,0,0,1
39.28,65.08,4,3.45,6.79,7.5,2.94,2.833441231,0,1,0,0,0
20.02,74.15,3,8.71,0.82,8.59,1.89,2.036300259,0,0,0,1,0
5.72,60.8,3,9.31,13.61,5.24,2.37,2.396933925,0,0,0,1,0
29.57,76.03,4,1,12.26,8.17,2.88,3.036142243,1,0,0,0,1
28.12,77.23,2,17.92,6.64,8.42,2.76,2.672153361,0,1,0,0,0
38.36,87.57,2,13.36,13.25,6.71,3.51,3.45334067,0,0,1,0,0
35.46,86.33,0,1.4,2.78,6.33,2.54,2.65574011,1,0,0,0,1
36.4,80.09,1,9.47,3.21,4.65,2.56,2.648442859,1,0,0,0,0
34.37,58.46,4,4.94,5.17,5.14,2.71,2.502987164,1,0,0,0,1
37.64,56.12,4,3.27,1,7.54,2.37,2.303058007,0,0,0,1,0
11.33,68.49,1,1,11.34,7.74,2.47,2.477721943,0,0,1,0,0
3.83,96.77,2,17.39,2.74,8.98,2.12,1.985730406,0,0,1,0,1
12.36,91.08,1,14.92,11.29,4.5,2.56,2.711616842,0,0,1,0,0
29.31,55.44,1,6.93,13.73,8.79,3,2.943621286,1,0,0,0,0
33.55,92.43,2,12.49,3.23,7.2,2.66,2.703310831,1,0,0,0,0
23.71,82.14,0,15.48,13.59,7.91,3.24,3.059558814,0,0,1,0,1
34.5,58.83,1,16.2,7.6,7.63,2.7,2.705769721,0,1,0,0,1
19.42,91.46,4,6.84,0.42,9.7,2.12,2.180877354,0,1,0,0,0
39.04,88.87,1,12.85,7.41,9.02,3.06,3.092667415,0,0,1,0,1
35.91,88.4,1,1.66,10.03,9.09,3.04,3.188604595,0,0,0,1,0
20.07,97.26,3,17.7,5.26,7.18,2.35,2.56191527,0,0,1,0,0
15.75,95.78,4,5.1,10.51,5.72,2.96,2.78665165,0,1,0,0,1
12.41,82.56,0,19.81,13.55,4.8,2.61,2.774014241,0,0,1,0,1
18.38,80.67,1,5.57,5.55,8.77,2.38,2.374971338,1,0,0,0,0
23.3,92.57,4,12.03,14.31,9.81,3.36,3.203398931,0,0,1,0,0
0.45,86.49,2,8.04,14.49,8.08,2.76,2.576748552,0,0,0,1,1
6.77,71.7,1,5.48,7.57,8.45,2.33,2.125431323,1,0,0,0,1
3.93,63.4,1,13.77,0.1,8.44,1.24,1.487659937,0,0,1,0,1
21.17,67.64,2,12.72,10.4,6.02,2.55,2.652076754,0,1,0,0,0
36.09,64.84,3,13.58,10.52,9.62,3.01,2.985604315,1,0,0,0,0
9.28,71.41,2,3.24,6.15,6.1,2.26,2.112910708,0,1,0,0,0
8.1,64.54,1,3.65,10.88,4.79,2.13,2.305681512,0,0,0,1,1
17.82,60.65,3,10.73,9.86,6.02,2.32,2.453056638,0,0,1,0,0
34.34,98.9,1,13.04,11.78,6.49,3.63,3.356556445,1,0,0,0,0
32.71,79.13,2,9.75,8.13,5.21,2.82,2.874687431,1,0,0,0,0
2.45,72.47,4,10,10.43,5.95,2.25,2.20323549,1,0,0,0,1
37.92,57.14,1,6.79,3.6,8.66,2.38,2.500728671,0,0,1,0,1
15.76,99.62,3,18.95,13.56,7.1,3.09,3.04107689,0,1,0,0,0
3.79,56.34,1,6.52,9.13,4.03,2.08,2.016106929,0,0,1,0,0
38.38,56.72,2,1.97,11.47,6.23,2.8,3.021540404,1,0,0,0,0
20.15,87.12,0,4.83,8.52,7.5,2.9,2.675502239,0,0,0,1,1
24.18,56.62,4,1.63,11.5,8.46,2.76,2.675408422,0,0,1,0,1
0.86,78.56,1,13.88,11.21,8.32,2.5,2.308994951,0,0,1,0,0
25.35,62.11,1,16.32,6.76,9.12,2.64,2.451659085,0,0,0,1,0
34.36,68.94,2,13.73,11.64,8.56,3.04,3.060637768,0,0,1,0,1
12.4,67.58,2,8.15,13.01,7.16,2.58,2.595324558,0,0,0,1,0
23.33,73.22,3,6.49,9.72,9.95,2.83,2.691388868,1,0,0,0,1
33.33,64.07,1,6.32,14.49,8.82,3.09,3.169132621,1,0,0,0,1
34,93.53,0,16.32,14.76,5.99,3.47,3.517062093,0,1,0,0,0
6.02,99.06,3,15.62,14.23,6.41,2.82,2.81280195,0,0,0,1,1
8.3,75.82,0,18.25,12.91,7.8,2.79,2.571231312,0,0,1,0,1
20.63,79.77,0,7.23,11.77,9.9,2.9,2.863103055,0,1,0,0,0
7.32,54.67,2,17.08,1.48,7.73,1.61,1.582612037,0,0,1,0,0
11.09,87.71,0,13.32,6.72,9.92,2.17,2.346076952,1,0,0,0,0
32,79.7,4,10.21,14.71,7.16,3.28,3.304215754,0,0,1,0,1
15.45,66.9,1,15.56,13.98,4.03,2.69,2.730631247,0,1,0,0,1
9.3,66.59,0,9.37,11.23,5.05,2.31,2.390126887,0,0,0,1,0
35.67,73.18,4,17.19,1.74,7.71,2.54,2.476379193,0,0,1,0,0
25.78,64.41,0,13.86,12.01,5.36,2.66,2.828341112,0,0,0,1,0
1.43,70.04,3,16.76,11.41,8.54,2.42,2.248602141,0,0,1,0,0
37.66,73.42,4,6.45,6.53,8.47,2.9,2.859614559,0,1,0,0,0
0.09,81.74,4,3.24,6.1,5.79,2.17,1.959238271,0,0,1,0,1
36.51,68.38,4,6.63,6.26,5.11,2.8,2.725210808,1,0,0,0,1
8.23,88.33,2,14.68,1.66,4.33,1.86,1.938904635,0,1,0,0,1
20.93,95.6,0,16.12,3.1,5.6,2.33,2.419794519,0,0,0,1,0
16.51,58.9,4,4.87,3.12,6.17,1.83,1.937118589,0,0,0,1,1
8.45,54.51,4,0.06,14,7.63,2.45,2.424099365,0,0,0,1,1
38.21,52.54,0,1.07,0.84,6.59,2.13,2.264892892,1,0,0,0,1
34.62,63.02,2,15.24,13.8,9.34,3.1,3.156994367,0,0,0,1,0
6.71,66.86,4,19.21,14.22,6.31,2.77,2.537056255,0,1,0,0,0
11.21,67.54,4,13.2,9.8,9.6,2.26,2.359751876,0,1,0,0,1
30.73,50.38,3,5.17,14.8,8.05,2.83,3.006252238,0,0,1,0,0
31.36,58.48,2,15.71,10.08,8.9,2.57,2.780977939,0,0,1,0,1
25.39,52.63,0,0.35,4.04,7.94,2.23,2.17766779,0,0,1,0,1
27.67,99.29,0,6.88,2.73,4.24,2.61,2.581101716,1,0,0,0,1
16.11,68.41,4,14.26,13.44,5.32,2.5,2.714012191,0,0,0,1,0
31.32,84.67,4,14.02,5.5,9.72,2.6,2.724711798,1,0,0,0,0
38.93,79.45,1,17.48,10.92,7.98,3.1,3.222141433,0,0,0,1,1
23.39,88.67,0,13.63,3.83,9.3,2.54,2.456340889,1,0,0,0,1
12.1,90.79,3,19.36,9.09,4.62,2.59,2.551610505,0,1,0,0,1
28.55,69.75,3,1.85,2.23,9.35,2.55,2.298362624,0,0,1,0,1
12.1,73.48,3,5.26,6.37,9.92,2.35,2.223969029,0,1,0,0,0
2.27,83,4,14.61,14.52,4.19,2.73,2.583864772,0,0,0,1,0
9.27,61.18,2,9.75,4.14,8.46,2.05,1.865153267,0,0,1,0,1
5.05,68.58,2,3.8,2.87,8.65,1.89,1.746328901,1,0,0,0,0
17.37,76.49,0,18.22,10.73,7.45,2.57,2.655758641,0,0,1,0,1
23.62,79.87,0,2.59,2.26,7.31,2.22,2.279755138,0,0,1,0,1
3.84,97.97,1,19.59,6.09,4.52,2.11,2.200474121,1,0,0,0,1
26.96,87.56,3,17.04,0.4,9.53,2.5,2.312304965,0,0,0,1,0
3.68,78.6,3,16.56,11.71,9.44,2.41,2.409983956,0,0,1,0,0
1.12,96.29,0,1.42,7.42,9.16,2.45,2.220554077,1,0,0,0,1
18.59,88.27,2,18.83,11.7,4.89,2.79,2.851479074,1,0,0,0,0
8.37,82.4,3,8.62,1.16,6.47,1.87,1.854312775,0,1,0,0,1
18.47,60.58,3,0.92,0.11,5.86,1.75,1.828832876,0,1,0,0,0
11.44,63.19,4,14.81,11.46,4.2,2.18,2.420578572,0,1,0,0,1
6.56,63.23,3,11.68,6.35,7.03,2.05,1.968439009,0,0,1,0,0
17.16,62.37,3,3.17,14.55,4.74,2.56,2.76375342,0,0,1,0,0
15.01,60.18,4,8.64,4.96,5.7,1.92,2.049472172,0,0,1,0,0
6.1,86.46,0,16.36,4.81,5.34,2.3,2.072110038,1,0,0,0,0
13.55,75.55,1,4.15,12.13,4.37,2.43,2.645909534,0,0,1,0,0
14,65.09,1,17.31,2.82,8.36,1.88,1.942671295,0,0,1,0,0
24.36,82.16,1,0.72,0.56,8.88,2.29,2.201780871,0,0,0,1,1
7.74,87.34,2,15.36,13.59,4.13,2.56,2.701966599,0,0,1,0,1
23.48,60.46,0,18.57,5.54,7.25,2.38,2.29159092,1,0,0,0,1
23.65,82.62,3,12.14,11.85,6.57,3.06,2.946386781,0,1,0,0,1
0.53,75.71,2,4.11,12.34,6.78,2.13,2.343903741,0,1,0,0,1
18.44,97.59,4,13,10.22,8.67,2.93,2.848069065,0,0,1,0,1
26.85,64.99,4,6.44,9.4,6.91,2.7,2.681180504,0,0,0,1,0
32.82,51.69,2,16.49,2.75,9.27,2.16,2.272720577,0,1,0,0,1
15.57,64.76,3,3.53,6.08,6.98,2.12,2.167595962,1,0,0,0,1
33.56,81.8,2,2.93,7.68,9.89,2.87,2.903521819,1,0,0,0,0
6.02,56.39,1,7.92,7.82,8.36,2.14,1.994563659,0,0,1,0,0
30.5,99.85,0,19.76,5.76,4.31,3.09,2.888207942,0,1,0,0,0
7.96,94.92,3,9.77,12.97,7.41,2.57,2.746024129,0,0,1,0,1
27.62,57.36,1,8.3,14,8.43,2.76,2.950559471,0,1,0,0,1
27.99,60.46,4,4.05,1.72,8.66,2.01,2.148699009,0,0,0,1,1
9.95,67.5,1,19.26,5.76,6.72,1.89,2.045913273,1,0,0,0,0
29.84,96.68,3,6.84,6.35,9.45,2.8,2.877463584,0,1,0,0,1
9.77,74.53,1,1.97,3.71,8.36,1.87,1.982150381,0,0,1,0,1
33.23,50.13,1,1.8,12.07,9.14,2.82,2.884535483,0,0,0,1,0
1.93,51.72,1,15.98,6.19,6.61,1.58,1.713350312,1,0,0,0,1
24.13,58.49,2,0.41,11.43,4.73,2.86,2.683842587,0,0,1,0,1
33.24,95.12,2,14.58,8.95,6.74,3.17,3.123707189,0,1,0,0,0
7.54,56.17,1,14.42,4.88,5.62,1.72,1.814828177,1,0,0,0,0
1.06,67.89,2,11.16,2.85,6.69,1.9,1.637550166,0,0,1,0,1
38.88,91.3,1,4.78,1.56,5.99,2.83,2.724987424,0,0,1,0,0
39.59,73.04,1,5.2,11.1,6.51,3.22,3.210858285,0,1,0,0,0
19.56,60.95,4,9.39,2.26,5.57,2.14,1.976987665,1,0,0,0,0
8.24,59.57,0,19.23,0.03,10,1.47,1.545602075,1,0,0,0,1
34.48,81.94,0,3.66,4.86,6.49,2.94,2.741640982,0,0,0,1,0
9.7,77.93,3,11.13,8.44,4.4,2.53,2.323545614,0,1,0,0,1
30.83,93.07,3,9.29,3.27,4.38,2.69,2.648289771,0,0,1,0,0
23.64,97.57,3,2.07,2.04,7.1,2.51,2.427632936,1,0,0,0,0
1.16,95.25,0,8.54,0.11,9.61,1.64,1.74564922,0,0,1,0,0
35.2,61.97,0,12.41,7.46,8.36,2.83,2.739177027,0,0,1,0,1
23.01,70.98,3,5.41,0.79,9.82,1.86,2.066222807,1,0,0,0,1
17.79,74.44,2,12.76,8.33,7.32,2.47,2.50013256,0,1,0,0,0
35.99,62.79,0,1.34,0.67,5.3,2.52,2.309966636,0,0,0,1,0
38.84,78.35,1,2.31,8,5.22,3.14,3.034789051,0,1,0,0,0
38.22,77.85,1,4.71,1.9,9.76,2.41,2.60208336,0,0,0,1,0
19.68,86.25,4,5.49,0.89,4.22,1.95,2.138262138,0,0,0,1,0
8.44,60.61,1,2.24,12.93,4.68,2.51,2.421085752,0,0,0,1,0
18.38,80.34,2,3.38,2.74,8.09,2.07,2.171717536,1,0,0,0,1
20,54.93,3,16.99,10.96,6.15,2.62,2.503082183,1,0,0,0,1
4.96,59.64,1,15.99,5.15,8.42,2.01,1.809502208,1,0,0,0,0
36.83,90.88,4,9.3,2.86,6.13,2.62,2.742744757,0,0,0,1,0
34.89,50.09,2,13.42,12.4,4.32,2.8,2.926956496,1,0,0,0,0
21.09,79.95,4,19.99,6.33,7.08,2.43,2.465428544,1,0,0,0,1
11.67,92.73,2,4.77,10.39,9.61,2.76,2.662157955,0,1,0,0,1
28.23,59.27,1,0.33,5.37,9.44,2.5,2.390404843,1,0,0,0,1
7.08,63.09,4,13.82,14.95,4.59,2.41,2.554400491,0,1,0,0,0
0.1,54.83,3,5.85,1.68,7.79,1.19,1.417833402,0,0,1,0,0
11.64,85.25,1,17.84,6.28,6.06,2.54,2.294308887,1,0,0,0,0
11.3,54.4,2,11.58,9.16,5.89,2.2,2.170541768,0,0,0,1,1
5.66,87.45,1,1.78,10.94,4.03,2.42,2.487322908,0,0,1,0,0
15.14,55.82,2,6.41,7.88,5.44,2.3,2.209102813,0,0,1,0,0
15.16,53.22,1,4.07,0.93,9.65,1.57,1.724720541,0,0,1,0,1
33.48,90.81,3,10.82,8.19,8.29,3.11,3.038479203,0,1,0,0,0
3.74,88.17,2,1.49,13.82,4.81,2.52,2.617310348,1,0,0,0,1
29.92,70.78,1,10.67,13.7,6.3,3,3.100319565,1,0,0,0,0
17.23,72.66,0,19.34,2.16,5.92,2.18,2.042066829,0,0,0,1,0
15.48,90.02,1,6.86,4.77,8.91,2.44,2.339283176,0,0,0,1,1
10.88,70.07,2,3.86,7.8,8.68,2.28,2.233571795,1,0,0,0,0
35.82,53.96,2,16.27,0.11,6.16,2.4,2.178066336,0,0,0,1,0
30.16,53.27,2,0.18,8.01,9.05,2.74,2.573105785,0,0,1,0,0
31.89,60.38,3,11.6,10.91,8.22,3.01,2.87400899,0,1,0,0,1
36.4,88.01,1,11.8,2.98,5.68,2.51,2.724847356,0,0,1,0,0
25.48,55,4,8.85,14.92,7.15,2.83,2.915879379,0,0,1,0,1
9.28,78.67,1,7.97,12.82,4.41,2.86,2.617446048,0,1,0,0,1
29.91,88.56,2,10.92,4.39,8.03,2.48,2.660274093,0,0,0,1,0
26.54,99.61,0,11.61,6.78,8.98,2.84,2.849193907,0,0,1,0,1
11.15,82.43,2,0.46,3.25,7.75,2.12,2.067956465,0,0,1,0,0
10.84,84.16,3,5.8,12.6,7.47,2.84,2.687886574,0,0,1,0,1
39.37,58.02,2,7.55,10.06,8.35,3.16,2.981386932,0,0,1,0,0
31.9,91.45,2,8.54,5.9,7.52,2.87,2.844944135,0,1,0,0,1
36.62,52.77,2,3.48,8.61,6.56,2.91,2.745877606,0,0,0,1,1
9.82,95.71,0,12.99,8.96,6.03,2.4,2.554756921,0,1,0,0,0
11.67,62.86,1,9.29,13.38,8.57,2.49,2.559404588,0,0,1,0,1
38.65,55.27,3,6.69,12.01,7.14,3.32,3.062284704,0,1,0,0,1
22.53,77.18,2,1.15,11.7,9.5,3.06,2.865109942,0,0,1,0,0
31.88,74.48,2,4.68,4.75,9.2,2.52,2.589795894,0,0,0,1,1
15.05,90.7,1,16.07,10.29,4.27,2.95,2.700254689,0,0,0,1,0
31.28,87.91,0,9.15,8.9,4.76,2.84,3.002100824,0,1,0,0,0
31.01,54.97,1,16.55,4.54,6.76,2.23,2.374971442,0,0,1,0,0
23.55,74.16,3,16.88,2.43,4.84,2.07,2.228905747,0,1,0,0,1
8.04,84.9,1,12.83,7.46,4.89,2.1,2.291161639,0,1,0,0,1
10.46,52.96,2,17.28,13.88,4.91,2.47,2.463186909,0,0,1,0,0
37.43,59.64,2,7.12,7.64,6.31,2.85,2.776362303,0,0,0,1,0
9.11,96.23,0,3.96,8.32,6.15,2.51,2.484182793,0,0,0,1,0
32.73,83.21,1,19.51,10.1,7.11,2.83,3.057700807,0,0,0,1,0
2.65,89.01,0,11.95,6.02,6.12,2.26,2.097865175,0,0,1,0,1
14.35,77.48,3,13.07,5.94,5.15,2.09,2.256117798,1,0,0,0,0
19.46,55.44,1,13.49,7.29,9.03,2.03,2.276318314,0,0,0,1,0
11.73,74.28,1,5.99,12.68,4.38,2.77,2.625049396,0,0,1,0,0
1.56,76.46,2,9.09,14.9,7.42,2.38,2.538656368,0,0,1,0,1
23.31,98.95,0,9.03,5.33,8.94,2.72,2.676156536,0,1,0,0,1
24.18,64.4,1,18.05,8.2,8.22,2.66,2.536709199,0,0,1,0,1
38.98,72.37,4,5.76,13.53,5.8,3.15,3.316756256,0,0,0,1,1
37.73,75.99,3,3.63,10.9,6.65,3.08,3.154207096,1,0,0,0,0
33.9,66.01,0,4.89,8.49,9.06,2.97,2.81960026,0,0,0,1,0
16.59,99.47,0,11.5,6,4.95,2.48,2.5590543,0,1,0,0,0
36.85,55.78,0,17.22,7.05,4.69,2.54,2.691896244,0,0,1,0,0
7.72,99.07,2,6.92,6.53,6.56,2.57,2.348884041,1,0,0,0,0
24.16,95.83,4,18.31,10.65,6.59,3.01,3.005167303,0,1,0,0,1
31.26,96.65,1,8.99,0.39,8.2,2.48,2.503786151,1,0,0,0,0
14.97,69.16,1,3.64,5.74,7.35,2.38,2.187713492,1,0,0,0,0
17.39,79.08,2,11.95,3.6,5.74,2.22,2.194826037,1,0,0,0,0
27.41,80.17,2,2.97,12.83,7.41,3.15,3.076165621,0,0,1,0,1
3.48,52.99,4,10.71,9.5,5.3,1.89,1.983675651,1,0,0,0,0
33.4,68.36,1,17.7,14.39,8.49,3.08,3.204321931,1,0,0,0,1
39.88,95.8,1,5.38,13.02,8.45,3.58,3.542220945,1,0,0,0,1
25.59,59.26,1,13.79,9.22,8.97,2.8,2.59146799,0,0,1,0,1
5.66,78.9,4,12.27,9.59,5.52,2.1,2.297077512,1,0,0,0,0
30.75,51.37,0,0.31,14.61,7.74,3.14,2.994962994,0,0,0,1,1
19.18,74.09,1,16.59,10.64,7.69,2.77,2.669332911,0,0,1,0,1
15.92,54.39,4,1.73,0.02,7.18,1.93,1.691091342,0,1,0,0,1
4.8,65.47,4,3.66,12.04,9.53,2.25,2.318196787,1,0,0,0,0
1.31,77.07,4,7.64,9.19,4.3,2.3,2.142565529,1,0,0,0,0
13.29,83.94,2,1,9.61,6.15,2.69,2.555607462,0,0,1,0,0
24.79,88.01,1,13.29,8.84,5.55,2.96,2.812368763,0,0,0,1,1
39.63,89.1,1,18.29,13.82,6.74,3.47,3.532890114,0,0,0,1,0
35.05,64.02,1,3.27,1.66,9.83,2.14,2.372930822,0,0,0,1,0
9.49,66.14,3,3.6,1.19,7.49,1.6,1.715068469,1,0,0,0,0
22.85,81.43,3,8.63,7.61,7.65,2.72,2.622370616,1,0,0,0,0
31.52,58.68,3,2.84,0.38,9,2,2.139368163,0,0,1,0,1
12.97,86.24,4,4.19,7.86,6.94,2.56,2.451119994,0,1,0,0,1
6.46,52.89,1,2.45,12.6,4.75,2.13,2.265977711,0,0,0,1,1
22.31,76.14,1,6.18,14.56,4.31,3.08,3.03055898,0,1,0,0,1
29.22,96.96,4,19.72,0.66,7.92,2.73,2.470834612,0,0,0,1,0
20.24,75.22,3,5.93,6.35,4.38,2.26,2.410980005,0,0,0,1,0
33.05,78.8,0,10.93,3,6.18,2.67,2.550284953,0,0,0,1,0
20.71,94.57,3,11.55,8.04,5.06,2.6,2.720118902,1,0,0,0,0
23.25,78.22,0,0.87,14.18,9.66,3.14,3.073304938,0,1,0,0,0
3.2,81.33,4,5.79,2.43,6.13,1.96,1.806698138,0,1,0,0,0
10.01,50.07,0,10.6,11.64,7.5,2.32,2.295847064,0,1,0,0,0
23.5,78.59,2,8.52,4.09,6.48,2.56,2.366813516,1,0,0,0,1
14.82,59.27,2,18.13,11.11,5.59,2.4,2.449495825,0,0,1,0,0
24.63,79.07,1,5.41,2.24,4.95,2.36,2.305918087,0,1,0,0,0
16.46,67.29,1,10.19,0.53,8.26,1.65,1.851699393,1,0,0,0,1
0.6,86.38,1,10.75,4.66,5.08,1.93,1.913987733,1,0,0,0,1
35.67,74.07,0,10.42,1.53,4.71,2.72,2.458470063,0,0,0,1,1
18.3,91.91,2,19.24,2.98,7.64,2.32,2.3052206,1,0,0,0,0
18.11,85.78,4,11.5,12.17,5.8,2.85,2.856704393,0,0,1,0,0
31.77,64.1,4,15.04,10.3,4.75,2.96,2.864673635,0,1,0,0,0
33.22,95.56,1,17.61,7.67,9.57,2.88,3.051083008,0,1,0,0,0
23.38,94.17,4,16.74,11.02,6.37,2.78,2.984227117,0,0,1,0,1
10.49,57.89,0,16.06,0.39,8.88,1.8,1.637131528,0,1,0,0,0
32.02,59.82,0,5.83,7.16,8.62,2.76,2.622898855,0,0,0,1,0
22.73,62.86,0,9.03,7.09,9.22,2.22,2.43608435,0,1,0,0,0
14.99,88.58,0,17.31,5.87,4.85,2.43,2.394792654,0,1,0,0,1
0.51,86.02,0,18.29,8.1,6.29,2.19,2.15634018,0,0,0,1,0
33.56,91.84,1,4.5,2.91,7.08,2.5,2.679301897,1,0,0,0,0
7.19,60.09,0,10.47,1.7,4.23,1.66,1.644918116,0,1,0,0,1
17.51,77.46,0,6.8,1.4,7.41,1.91,2.044596627,1,0,0,0,0
19.77,91.9,3,5.65,5.46,8.02,2.65,2.502795972,0,0,0,1,1
18.16,79.68,4,15.9,7.06,9.02,2.24,2.474767182,0,1,0,0,0
25.68,59.71,3,2.2,8.34,6.15,2.72,2.538648976,0,1,0,0,1
22.48,93.92,4,11.08,7.89,4.09,2.85,2.739199848,0,0,0,1,1
10.71,80.29,1,11.62,1.29,5.36,1.88,1.880271584,1,0,0,0,1
36.78,68.12,2,7.92,11.47,8.14,2.88,3.093785916,0,0,0,1,1
31.44,88.93,1,8.29,5.49,5.34,2.83,2.778070324,0,0,1,0,0
28.82,64,2,1.91,9.97,6.58,2.63,2.753704561,0,0,0,1,1
2.2,90.86,0,5.01,8.04,6.62,2.08,2.243346456,0,0,0,1,0
26.5,60.02,3,5.75,9.21,9.56,2.6,2.617996207,0,0,1,0,1
0.83,84.4,4,14.01,6.3,9.3,1.87,2.04287495,0,1,0,0,0
7.13,61.85,4,5.72,5.29,8.98,1.73,1.885414379,0,0,0,1,1
37.38,96.37,0,13.93,11.4,8.01,3.31,3.399682023,0,0,1,0,0
8.58,52.72,1,6.53,12.53,8.82,2.32,2.337084019,0,0,1,0,0
26.24,79.58,3,18.36,9.77,8.06,2.78,2.828505057,0,0,0,1,1
24.55,90.15,4,5.86,4.99,8.66,2.63,2.566278542,1,0,0,0,1
6.68,97.86,2,1.19,13.7,6.54,2.61,2.780772966,1,0,0,0,1
24.84,87.12,3,19.58,11.36,9.07,2.79,3.001301217,0,1,0,0,0
34.28,96.34,0,8.03,8.87,9.38,2.93,3.136938954,1,0,0,0,1
28,72.21,2,17.78,7.11,8.94,2.58,2.621971903,1,0,0,0,1
36.22,53.34,1,16.57,11.87,6.6,2.85,2.954897831,1,0,0,0,1
19.59,62.32,4,4.62,7.18,6.61,2.33,2.343744786,0,1,0,0,0
6.71,99.77,1,3.35,8.81,6.37,2.41,2.488196812,0,0,1,0,1
11.28,59.39,0,1.16,6.84,9.59,2.27,2.085551953,0,0,1,0,1
11.41,70.18,2,4.99,7.75,4.05,2.1,2.233294982,1,0,0,0,0
28.09,93.68,0,0.68,2.77,8.17,2.37,2.558141644,1,0,0,0,0
32.26,89.71,0,8.85,12.33,5.77,3.33,3.249477316,0,0,0,1,1
17.11,79.58,1,16.87,13.48,7.3,2.68,2.869065002,0,0,1,0,0
14.12,75.04,0,13.04,4.6,6.1,1.95,2.146794658,1,0,0,0,0
8.96,84.4,3,1.58,8.56,8.76,2.61,2.377967529,0,0,1,0,1
32.86,79.35,3,18.83,11.3,9.43,3.03,3.103924924,0,0,0,1,0
26.2,75.03,2,14.28,14.58,4.84,3.08,3.102372721,1,0,0,0,0
29.28,78.86,2,0.74,14.69,7.83,3.32,3.236824406,0,0,0,1,0
17.22,90.28,4,13.53,14.06,9.2,3.09,3.005735939,0,0,0,1,0
19.83,95.78,0,17.39,8.14,5.85,2.57,2.730758827,0,0,0,1,0
29.23,80.08,2,9.5,7.41,5.03,3,2.752787752,0,0,1,0,1
35.53,84.89,3,4.99,10.52,5.36,2.96,3.161486563,0,0,1,0,1
3.38,83.24,3,10.07,0.93,5.95,1.52,1.714903027,0,0,0,1,0
19.44,96.36,4,14.62,1.62,8.68,2.22,2.275367438,1,0,0,0,1
9.07,93.67,2,14.94,11.43,6.75,2.52,2.668711521,0,1,0,0,1
1.63,70.32,3,15.42,3.15,8.78,1.85,1.697550919,0,0,1,0,1
11.75,97.61,2,5.54,0.09,7.66,1.91,2.029553322,0,1,0,0,0
21.7,94.35,0,12.38,9.3,4.47,2.97,2.837461748,0,0,0,1,0
17,55.18,3,15.98,5.72,4.91,2.14,2.091414978,0,0,1,0,1
8.5,86.01,1,18.76,9.75,5.42,2.31,2.453813218,1,0,0,0,0
23.11,85.81,2,13.49,0.76,4.1,2.19,2.199684096,1,0,0,0,1
36.31,83.14,3,14.51,12.29,9.76,3.3,3.291251761,0,0,1,0,1
3.57,59.3,0,2.84,6.92,8.75,1.95,1.894164051,1,0,0,0,0
22.91,86.73,4,0.13,1.83,6.48,2.51,2.307799357,0,1,0,0,0
13.44,79.3,0,11.74,8.53,6.67,2.33,2.435010194,1,0,0,0,0
19.01,50.21,4,9.29,4.79,5.98,2.14,2.033352781,0,0,0,1,0
27.06,77.3,4,11.41,10.19,6.16,2.89,2.842871844,1,0,0,0,1
34.49,64.02,3,11.16,7.56,6.68,2.64,2.746921777,0,1,0,0,1
38.77,77.4,1,11.54,6.67,8.63,3.01,2.932709198,0,0,1,0,0
22.4,81.74,2,11.97,6.25,9.48,2.75,2.526490145,0,0,0,1,1
11.23,53.24,2,2.66,9.78,4.55,2.2,2.196400452,0,0,0,1,1
20.63,79.77,0,7.23,11.77,9.9,2.9,2.863103055,0,1,0,0,0
4.19,52.28,3,15.11,5.24,6.92,1.97,1.707331907,1,0,0,0,1
38.82,69.15,4,14.48,12.55,4.04,3.19,3.236523286,0,1,0,0,0
30.69,66.73,4,10.97,1.93,4.38,2.18,2.279874201,0,0,0,1,1
15.93,90.81,3,9.38,14.51,9.36,2.95,2.997994168,1,0,0,0,1
23.38,94.17,4,16.74,11.02,6.37,2.78,2.984227117,0,0,1,0,1
6.51,65.85,3,12.73,6.13,8.24,2.07,1.990649455,0,1,0,0,0
35.46,86.33,0,1.4,2.78,6.33,2.54,2.65574011,1,0,0,0,1
11.6,66.35,4,14.68,11.17,6.96,2.45,2.426114813,0,0,0,1,1
32.43,91.28,3,14.33,14.6,7.66,3.48,3.417073943,0,0,0,1,1
12.41,82.56,0,19.81,13.55,4.8,2.61,2.774014241,0,0,1,0,1
16.29,55.2,1,0.58,11.59,8.49,2.54,2.479994643,0,0,1,0,1
34.74,55.56,4,14.36,0.24,9.83,2.44,2.179748651,0,0,0,1,0
16.2,71.56,0,11.76,7.28,7.12,2.57,2.350628608,0,0,0,1,0
29.01,77.63,0,14.85,3.19,7.38,2.67,2.461833801,0,1,0,0,1
35.67,74.07,0,10.42,1.53,4.71,2.72,2.458470063,0,0,0,1,1
9.82,95.71,0,12.99,8.96,6.03,2.4,2.554756921,0,1,0,0,0
37.97,87.4,0,7.85,8.58,4.67,3.28,3.119158317,1,0,0,0,0
0.65,78.05,3,18.51,3.52,8.18,1.73,1.780734139,0,0,1,0,0
38.07,93.67,2,5.23,11.49,7.71,3.56,3.375844325,0,0,0,1,1
12.62,73.77,1,18.13,1.62,7.97,1.74,1.903493555,0,0,1,0,1
27.81,95.32,0,9.03,11.79,5.05,2.98,3.160244467,1,0,0,0,0
5.16,92.66,0,18.71,11.12,8.95,2.52,2.560216145,0,1,0,0,0
8.92,73.62,0,3.3,12.81,6.27,2.8,2.543965917,1,0,0,0,1
1.95,77.55,4,1.1,5.8,4.24,1.82,1.959399989,0,1,0,0,0
32.37,50.79,3,12.51,14.19,5.32,3.17,2.987251199,0,0,0,1,1
37.64,56.12,4,3.27,1,7.54,2.37,2.303058007,0,0,0,1,0
38.58,72.13,1,16.11,6.11,7.23,2.72,2.828648983,0,0,0,1,0
38.48,84.69,4,19.29,13.68,7.76,3.59,3.453968819,0,0,1,0,0
26.76,59.98,1,15.27,10.24,5.47,2.46,2.695846102,0,0,1,0,0
33.96,83.76,4,1.22,9.12,5.49,2.84,3.009757911,0,0,0,1,1
1.43,70.04,3,16.76,11.41,8.54,2.42,2.248602141,0,0,1,0,0
20.89,99.91,0,15.54,10.44,9.63,2.79,2.976287969,0,1,0,0,0
8.31,79.39,4,18.88,5.26,7.49,1.85,2.10469119,0,1,0,0,0
37.59,78.45,2,4.41,7.57,9.62,2.75,2.984089686,0,1,0,0,0
35.93,79.79,0,0.58,8.69,9.8,3.03,3.010954568,0,0,0,1,1
9.86,83.08,4,10.16,6.37,7.43,2.4,2.244736601,0,1,0,0,1
7.25,65.25,4,18.76,9.97,4.9,2.44,2.217360767,1,0,0,0,1
8.53,55.24,0,10.05,5.15,8.37,1.81,1.860735014,0,0,1,0,1
11.49,56.54,2,7.92,8.56,9.44,2.13,2.168549302,1,0,0,0,0
8.66,73.47,4,13.49,3.26,9.4,1.75,1.896481283,1,0,0,0,1
16.51,58.9,4,4.87,3.12,6.17,1.83,1.937118589,0,0,0,1,1
20.01,62.65,3,11.6,6.42,6.55,2.25,2.286519456,1,0,0,0,0
0.21,64.24,0,3.01,9.41,4.79,2.04,2.012303826,0,0,0,1,1
21.16,59.84,3,1.28,0.62,4,1.79,1.908688784,0,1,0,0,1
9.28,71.41,2,3.24,6.15,6.1,2.26,2.112910708,0,1,0,0,0
23.5,78.59,2,8.52,4.09,6.48,2.56,2.366813516,1,0,0,0,1
39.78,85.64,1,8.87,8.89,5.05,3.16,3.187573482,0,1,0,0,0
5.66,78.9,4,12.27,9.59,5.52,2.1,2.297077512,1,0,0,0,0
28.23,59.27,1,0.33,5.37,9.44,2.5,2.390404843,1,0,0,0,1
23.62,79.87,0,2.59,2.26,7.31,2.22,2.279755138,0,0,1,0,1
9.11,96.23,0,3.96,8.32,6.15,2.51,2.484182793,0,0,0,1,0
2.56,94.39,1,5.71,2.31,6.47,2.13,1.918550887,0,1,0,0,0
35.58,61.35,3,12.8,7.75,8.09,2.59,2.747096865,0,0,0,1,1
33.07,76.86,1,3.05,9.94,8.91,3.19,3.015674058,0,1,0,0,0
26.24,79.58,3,18.36,9.77,8.06,2.78,2.828505057,0,0,0,1,1
8.24,59.57,0,19.23,0.03,10,1.47,1.545602075,1,0,0,0,1
23.09,86.91,1,16.82,6.48,5.8,2.78,2.618342591,0,0,1,0,0
15.28,54.71,2,16.87,0.08,9.17,1.61,1.677710707,1,0,0,0,0
21.7,94.35,0,12.38,9.3,4.47,2.97,2.837461748,0,0,0,1,0
5.34,84.43,3,6.59,4.24,4.63,1.92,1.983815543,0,0,0,1,1
2.45,72.47,4,10,10.43,5.95,2.25,2.20323549,1,0,0,0,1
38.77,77.4,1,11.54,6.67,8.63,3.01,2.932709198,0,0,1,0,0
15.57,64.76,3,3.53,6.08,6.98,2.12,2.167595962,1,0,0,0,1
5.05,68.58,2,3.8,2.87,8.65,1.89,1.746328901,1,0,0,0,0
23.46,67.95,1,16.48,14.92,4.3,2.78,3.00119937,0,0,1,0,0
22.39,50.36,0,19.94,6.26,8.19,2.17,2.230278188,0,0,0,1,0
23.71,82.14,0,15.48,13.59,7.91,3.24,3.059558814,0,0,1,0,1
27.71,59.79,1,4.36,13.93,8.34,2.79,2.955452848,0,0,0,1,1
20.8,70.72,3,7,9.27,8.84,2.47,2.577062604,0,0,0,1,1
31.58,54.56,4,8.52,0.89,8.94,1.92,2.128331982,1,0,0,0,0
18.41,62.71,4,10.47,13.29,5.04,2.65,2.699532092,1,0,0,0,0
4.96,59.64,1,15.99,5.15,8.42,2.01,1.809502208,1,0,0,0,0
30.83,93.07,3,9.29,3.27,4.38,2.69,2.648289771,0,0,1,0,0
25.72,58.89,3,2.85,12.28,9.99,2.86,2.803293249,0,1,0,0,1
1.57,55.45,1,1.77,2.19,6.62,1.43,1.487697057,0,0,1,0,1
10.38,88.41,3,2.45,3.63,6.81,2.38,2.106839751,1,0,0,0,1
21.31,67.45,4,7.37,4.38,5.03,2.11,2.220297781,0,0,0,1,1
8.96,84.4,3,1.58,8.56,8.76,2.61,2.377967529,0,0,1,0,1
13.07,55.92,4,9.56,6.41,4.44,2.03,2.041369353,1,0,0,0,0
20.69,74.67,3,0.12,11.94,4.89,2.92,2.79782767,0,0,1,0,0
35.13,59.8,1,3.15,14.6,6.2,3.02,3.173265492,1,0,0,0,1
38.66,59.59,1,11.9,7.23,6.64,3.01,2.789346321,0,1,0,0,1
37.69,51.09,1,7.51,9.4,9.21,3.05,2.81691479,0,0,0,1,1
7.13,61.85,4,5.72,5.29,8.98,1.73,1.885414379,0,0,0,1,1
39.42,85.45,1,0.63,2.4,9.72,2.61,2.730666316,0,0,0,1,1
29.41,63.3,3,7.7,9.42,8.86,2.62,2.752737897,0,1,0,0,0
8.1,64.54,1,3.65,10.88,4.79,2.13,2.305681512,0,0,0,1,1
35.9,77.96,0,13.73,4.06,6.41,2.47,2.669240954,1,0,0,0,1
29.6,70.24,1,6.66,12.24,7.81,3.22,3.015608783,0,1,0,0,0
2.75,58.01,4,9.8,12.25,5.87,2.08,2.221233278,0,1,0,0,0
37.12,63.19,2,0.83,4.52,4.66,2.56,2.589985691,0,0,1,0,1
24.18,56.62,4,1.63,11.5,8.46,2.76,2.675408422,0,0,1,0,1
24.55,90.15,4,5.86,4.99,8.66,2.63,2.566278542,1,0,0,0,1
32.62,82.28,3,14.87,1.05,4.8,2.25,2.423912212,0,0,0,1,1
12.97,86.24,4,4.19,7.86,6.94,2.56,2.451119994,0,1,0,0,1
18.01,50.41,3,6.16,1.01,6.59,1.74,1.74861467,1,0,0,0,1
19.69,67.11,0,6.06,1.85,8.39,2.04,2.051553254,0,1,0,0,0
24.68,63.27,4,8.1,0.82,7.66,1.83,2.035274585,1,0,0,0,0
4,75.77,1,14.57,1.48,8.57,1.77,1.704556739,0,0,0,1,0
20.58,82.55,1,5.52,11.93,7.84,2.97,2.882805293,0,0,1,0,0
39.1,56.6,3,10.69,7.52,6.91,2.84,2.786251319,0,1,0,0,1
0.45,86.49,2,8.04,14.49,8.08,2.76,2.576748552,0,0,0,1,1
27.45,57.48,3,3.62,13.72,4.49,3.01,2.898539707,0,0,0,1,1
27.86,93.13,1,7.7,2.02,7.53,2.66,2.497830036,0,0,0,1,0
22.68,69.93,0,13.33,13.58,6.45,2.8,2.898755225,1,0,0,0,1
24.58,94.93,3,16.07,10.96,6.56,2.8,3.038865255,0,1,0,0,0
28.4,88.6,3,2.92,14.8,8.57,3.28,3.302530074,1,0,0,0,1
8.62,87.87,0,15.13,13.8,9.55,2.7,2.762721885,0,0,0,1,0
37.3,98.35,3,1.96,3.34,7.24,2.84,2.862944493,0,0,1,0,1
14.35,77.48,3,13.07,5.94,5.15,2.09,2.256117798,1,0,0,0,0
29.58,68.99,4,14.3,10.69,6.33,3,2.862703922,0,0,0,1,1
6.36,85.25,2,7.76,4.04,5.93,1.85,2.024834054,0,0,1,0,0
11.44,63.19,4,14.81,11.46,4.2,2.18,2.420578572,0,1,0,0,1
18.14,57.8,1,13.42,7.27,6.34,2.09,2.275577671,0,1,0,0,0
16.67,85.94,4,10.39,3.96,9.46,2.18,2.275407571,0,0,1,0,1
39.98,79.76,4,11.04,4.38,9.59,2.59,2.812395944,0,0,0,1,1
30.96,64.71,2,16.08,1.06,4.83,2.04,2.217897716,1,0,0,0,0
3.44,69.3,2,9.65,12.39,5.76,2.15,2.345961339,0,0,0,1,0
1.41,65.16,1,4.02,12.36,4.1,2.1,2.250224046,0,0,1,0,1
25.57,58.33,2,8.21,3.39,5.56,2.34,2.185394168,0,0,0,1,0
35.04,77.47,2,18.25,12.19,5.97,3.13,3.199788728,0,0,1,0,0
33.16,80.75,4,5.39,5.2,5.96,2.68,2.71661616,0,1,0,0,1
15.11,94.41,3,11.71,8.16,5.5,2.76,2.602138958,0,1,0,0,1
23.1,70.69,1,17.15,0.03,6.16,1.96,2.031876007,0,1,0,0,1
6.49,74.69,0,2.42,7.74,7.1,2.07,2.180360837,0,1,0,0,1
9.44,91.55,3,5.67,1.46,8.95,1.96,2.005217523,0,1,0,0,0
24.92,98.21,2,11.51,8.89,6.68,2.97,2.927915361,0,0,0,1,0
11.67,62.86,1,9.29,13.38,8.57,2.49,2.559404588,0,0,1,0,1
34.37,58.46,4,4.94,5.17,5.14,2.71,2.502987164,1,0,0,0,1
36.35,77,0,2.47,3.11,9.35,2.72,2.646396631,0,1,0,0,0
4.62,59.66,3,7.99,3.59,8,1.64,1.705123838,0,1,0,0,1
28.96,64.9,0,5.43,6.37,5.94,2.58,2.545564732,0,1,0,0,1
15.05,90.7,1,16.07,10.29,4.27,2.95,2.700254689,0,0,0,1,0
3.22,92.48,0,10.57,1.95,5.85,1.8,1.883801732,0,1,0,0,1
31.54,77.9,1,14.97,5.41,7.43,2.88,2.681545508,0,1,0,0,0
33.07,96.94,1,11.45,13.39,9.9,3.27,3.412669876,1,0,0,0,1
21.43,85.34,3,18.82,4.4,9.37,2.23,2.420029758,0,0,0,1,0
2.57,57.05,1,2.27,13.7,4.65,2.47,2.290416746,0,0,1,0,1
6.42,87.81,3,18.4,12.16,6.55,2.48,2.583806098,0,0,0,1,0
8.71,82.21,0,8.09,7.15,4.89,2.22,2.255976785,0,0,0,1,0
32.88,92.26,0,19.3,9.79,8.26,3.04,3.129050492,1,0,0,0,0
28,72.21,2,17.78,7.11,8.94,2.58,2.621971903,1,0,0,0,1
29.91,88.56,2,10.92,4.39,8.03,2.48,2.660274093,0,0,0,1,0
24.86,96.27,1,1.69,8.92,4.57,2.82,2.905646835,0,0,1,0,1
17.63,60.87,3,13.32,5.73,6.65,2.4,2.186252085,0,1,0,0,0
17.65,90.84,0,0.58,9.31,5.56,2.5,2.698490375,0,0,0,1,1
39.61,55.09,2,9.62,3.76,8.1,2.75,2.547757663,0,1,0,0,0
33.77,92.22,4,3.82,12.91,5.17,3.23,3.342947489,1,0,0,0,0
7.32,74.39,4,3.92,6.4,9.65,2.29,2.088362894,0,0,0,1,1
6.71,85.7,3,15.73,2.16,9.83,2.05,1.903010464,0,0,0,1,1
29.02,54.62,1,8.29,13.59,9.83,2.92,2.924661813,0,0,1,0,1
26.27,53.9,2,15.49,10.15,5.89,2.54,2.626624663,0,1,0,0,0
38.5,67.88,4,5.87,12.49,8.27,3.05,3.214121538,0,1,0,0,1
25.55,64.94,3,0.61,1.34,4.19,1.97,2.107854363,0,0,0,1,0
11.93,66.52,2,18.9,8.42,9.43,2.44,2.279523835,0,1,0,0,1
11.53,56.71,4,15.8,1.53,7.99,1.69,1.698981296,0,0,0,1,0
31.92,55.93,3,2.17,9.69,8.04,2.64,2.740643482,0,0,1,0,1
16.33,98.41,1,1.7,2.81,4.17,2.25,2.317352854,0,1,0,0,1
26.7,56.01,3,12.11,8.64,9.33,2.7,2.544659614,0,0,1,0,1
38.36,87.57,2,13.36,13.25,6.71,3.51,3.45334067,0,0,1,0,0
3.87,79.49,2,10.6,14.06,7.14,2.45,2.577465354,0,0,1,0,0
5.93,99.15,0,15.44,13.17,4.4,2.71,2.73800174,1,0,0,0,1
